2024-09-12T14:54:59.394+09:00,rnjsa,IdeState,NoProject,,,,,-1,-1,
2024-09-12T14:55:00.954+09:00,rnjsa,IdeState,Active,HelloWorld,Popup,,,-1,-1,변경
2024-09-12T14:55:03.198+09:00,rnjsa,IdeState,Active,HelloWorld,Popup,,,-1,-1,변경
2024-09-12T14:55:05.041+09:00,rnjsa,IdeState,Active,HelloWorld,Editor,C:/Users/rnjsa/OneDrive/Desktop/2024/semester 2/PlatformBasedProgramming/HelloWorld/src/HelloWorld.java,,8,4,변경
2024-09-12T14:55:06.409+09:00,rnjsa,IdeState,Active,HelloWorld,Editor,C:/Users/rnjsa/OneDrive/Desktop/2024/semester 2/PlatformBasedProgramming/HelloWorld/src/HelloWorld.java,,8,4,변경
2024-09-12T14:55:08.069+09:00,rnjsa,IdeState,Active,HelloWorld,Editor,C:/Users/rnjsa/OneDrive/Desktop/2024/semester 2/PlatformBasedProgramming/HelloWorld/src/HelloWorld.java,,8,4,변경
2024-09-12T14:55:09.212+09:00,rnjsa,IdeState,Active,HelloWorld,Editor,C:/Users/rnjsa/OneDrive/Desktop/2024/semester 2/PlatformBasedProgramming/HelloWorld/src/HelloWorld.java,,8,4,변경
2024-09-12T14:55:14.393+09:00,rnjsa,IdeState,Active,HelloWorld,Editor,C:/Users/rnjsa/OneDrive/Desktop/2024/semester 2/PlatformBasedProgramming/HelloWorld/src/HelloWorld.java,,8,4,변경
2024-09-12T14:55:15.423+09:00,rnjsa,IdeState,Active,HelloWorld,Editor,C:/Users/rnjsa/OneDrive/Desktop/2024/semester 2/PlatformBasedProgramming/HelloWorld/src/HelloWorld.java,,8,4,변경
2024-09-12T14:55:16.563+09:00,rnjsa,IdeState,Active,HelloWorld,Editor,C:/Users/rnjsa/OneDrive/Desktop/2024/semester 2/PlatformBasedProgramming/HelloWorld/src/HelloWorld.java,,8,4,변경
2024-09-12T14:55:17.664+09:00,rnjsa,IdeState,Active,HelloWorld,Editor,C:/Users/rnjsa/OneDrive/Desktop/2024/semester 2/PlatformBasedProgramming/HelloWorld/src/HelloWorld.java,,8,4,변경
2024-09-12T14:55:18.765+09:00,rnjsa,IdeState,Active,HelloWorld,Editor,C:/Users/rnjsa/OneDrive/Desktop/2024/semester 2/PlatformBasedProgramming/HelloWorld/src/HelloWorld.java,,8,4,변경
2024-09-12T14:55:19.776+09:00,rnjsa,IdeState,Active,HelloWorld,Editor,C:/Users/rnjsa/OneDrive/Desktop/2024/semester 2/PlatformBasedProgramming/HelloWorld/src/HelloWorld.java,,8,4,변경
2024-09-12T14:55:20.784+09:00,rnjsa,IdeState,Active,HelloWorld,Editor,C:/Users/rnjsa/OneDrive/Desktop/2024/semester 2/PlatformBasedProgramming/HelloWorld/src/HelloWorld.java,,8,4,변경
2024-09-12T14:55:21.805+09:00,rnjsa,IdeState,Active,HelloWorld,Editor,C:/Users/rnjsa/OneDrive/Desktop/2024/semester 2/PlatformBasedProgramming/HelloWorld/src/HelloWorld.java,,8,4,변경
2024-09-12T14:55:22.813+09:00,rnjsa,IdeState,Active,HelloWorld,Editor,C:/Users/rnjsa/OneDrive/Desktop/2024/semester 2/PlatformBasedProgramming/HelloWorld/src/HelloWorld.java,,8,4,변경
2024-09-12T14:55:23.821+09:00,rnjsa,IdeState,Active,HelloWorld,Editor,C:/Users/rnjsa/OneDrive/Desktop/2024/semester 2/PlatformBasedProgramming/HelloWorld/src/HelloWorld.java,,8,4,변경
2024-09-12T14:55:24.840+09:00,rnjsa,IdeState,Active,HelloWorld,Editor,C:/Users/rnjsa/OneDrive/Desktop/2024/semester 2/PlatformBasedProgramming/HelloWorld/src/HelloWorld.java,,8,4,변경
2024-09-12T14:55:25.845+09:00,rnjsa,IdeState,Active,HelloWorld,Editor,C:/Users/rnjsa/OneDrive/Desktop/2024/semester 2/PlatformBasedProgramming/HelloWorld/src/HelloWorld.java,,8,4,변경
2024-09-12T14:55:26.855+09:00,rnjsa,IdeState,Active,HelloWorld,Editor,C:/Users/rnjsa/OneDrive/Desktop/2024/semester 2/PlatformBasedProgramming/HelloWorld/src/HelloWorld.java,,8,4,변경
2024-09-12T14:55:27.870+09:00,rnjsa,IdeState,Active,HelloWorld,Editor,C:/Users/rnjsa/OneDrive/Desktop/2024/semester 2/PlatformBasedProgramming/HelloWorld/src/HelloWorld.java,,8,4,변경
2024-09-12T14:55:28.877+09:00,rnjsa,IdeState,Active,HelloWorld,Editor,C:/Users/rnjsa/OneDrive/Desktop/2024/semester 2/PlatformBasedProgramming/HelloWorld/src/HelloWorld.java,,8,4,변경
2024-09-12T14:55:29.879+09:00,rnjsa,IdeState,Active,HelloWorld,Editor,C:/Users/rnjsa/OneDrive/Desktop/2024/semester 2/PlatformBasedProgramming/HelloWorld/src/HelloWorld.java,,8,4,변경
2024-09-12T14:55:30.884+09:00,rnjsa,IdeState,Active,HelloWorld,Editor,C:/Users/rnjsa/OneDrive/Desktop/2024/semester 2/PlatformBasedProgramming/HelloWorld/src/HelloWorld.java,,8,4,변경
2024-09-12T14:55:31.887+09:00,rnjsa,IdeState,Active,HelloWorld,Editor,C:/Users/rnjsa/OneDrive/Desktop/2024/semester 2/PlatformBasedProgramming/HelloWorld/src/HelloWorld.java,,8,4,변경
2024-09-12T14:55:32.893+09:00,rnjsa,IdeState,Active,HelloWorld,Editor,C:/Users/rnjsa/OneDrive/Desktop/2024/semester 2/PlatformBasedProgramming/HelloWorld/src/HelloWorld.java,,8,4,변경
2024-09-12T14:55:33.911+09:00,rnjsa,IdeState,Active,HelloWorld,Editor,C:/Users/rnjsa/OneDrive/Desktop/2024/semester 2/PlatformBasedProgramming/HelloWorld/src/HelloWorld.java,,8,4,변경
2024-09-12T14:55:34.913+09:00,rnjsa,IdeState,Active,HelloWorld,Editor,C:/Users/rnjsa/OneDrive/Desktop/2024/semester 2/PlatformBasedProgramming/HelloWorld/src/HelloWorld.java,,8,4,변경
2024-09-12T14:55:35.916+09:00,rnjsa,IdeState,Active,HelloWorld,Editor,C:/Users/rnjsa/OneDrive/Desktop/2024/semester 2/PlatformBasedProgramming/HelloWorld/src/HelloWorld.java,,8,4,변경
2024-09-12T14:55:36.921+09:00,rnjsa,IdeState,Active,HelloWorld,Editor,C:/Users/rnjsa/OneDrive/Desktop/2024/semester 2/PlatformBasedProgramming/HelloWorld/src/HelloWorld.java,,8,4,변경
2024-09-12T14:55:37.925+09:00,rnjsa,IdeState,Active,HelloWorld,Editor,C:/Users/rnjsa/OneDrive/Desktop/2024/semester 2/PlatformBasedProgramming/HelloWorld/src/HelloWorld.java,,8,4,변경
2024-09-12T14:55:38.929+09:00,rnjsa,IdeState,Active,HelloWorld,Editor,C:/Users/rnjsa/OneDrive/Desktop/2024/semester 2/PlatformBasedProgramming/HelloWorld/src/HelloWorld.java,,8,4,변경
2024-09-12T14:55:39.932+09:00,rnjsa,IdeState,Active,HelloWorld,Editor,C:/Users/rnjsa/OneDrive/Desktop/2024/semester 2/PlatformBasedProgramming/HelloWorld/src/HelloWorld.java,,8,4,변경
2024-09-12T14:55:40.939+09:00,rnjsa,IdeState,Active,HelloWorld,Editor,C:/Users/rnjsa/OneDrive/Desktop/2024/semester 2/PlatformBasedProgramming/HelloWorld/src/HelloWorld.java,,8,4,변경
2024-09-12T14:55:41.960+09:00,rnjsa,IdeState,Active,HelloWorld,Editor,C:/Users/rnjsa/OneDrive/Desktop/2024/semester 2/PlatformBasedProgramming/HelloWorld/src/HelloWorld.java,,8,4,변경
2024-09-12T14:55:42.964+09:00,rnjsa,IdeState,Active,HelloWorld,Editor,C:/Users/rnjsa/OneDrive/Desktop/2024/semester 2/PlatformBasedProgramming/HelloWorld/src/HelloWorld.java,,8,4,변경
2024-09-12T14:55:43.968+09:00,rnjsa,IdeState,Active,HelloWorld,Editor,C:/Users/rnjsa/OneDrive/Desktop/2024/semester 2/PlatformBasedProgramming/HelloWorld/src/HelloWorld.java,,8,4,변경
2024-09-12T14:55:44.972+09:00,rnjsa,IdeState,Active,HelloWorld,Editor,C:/Users/rnjsa/OneDrive/Desktop/2024/semester 2/PlatformBasedProgramming/HelloWorld/src/HelloWorld.java,,8,4,변경
2024-09-12T14:55:45.975+09:00,rnjsa,IdeState,Active,HelloWorld,Editor,C:/Users/rnjsa/OneDrive/Desktop/2024/semester 2/PlatformBasedProgramming/HelloWorld/src/HelloWorld.java,,8,4,변경
2024-09-12T14:55:46.979+09:00,rnjsa,IdeState,Active,HelloWorld,Editor,C:/Users/rnjsa/OneDrive/Desktop/2024/semester 2/PlatformBasedProgramming/HelloWorld/src/HelloWorld.java,,8,4,변경
2024-09-12T14:55:47.982+09:00,rnjsa,IdeState,Active,HelloWorld,Editor,C:/Users/rnjsa/OneDrive/Desktop/2024/semester 2/PlatformBasedProgramming/HelloWorld/src/HelloWorld.java,,8,4,변경
2024-09-12T14:55:48.986+09:00,rnjsa,IdeState,Active,HelloWorld,Editor,C:/Users/rnjsa/OneDrive/Desktop/2024/semester 2/PlatformBasedProgramming/HelloWorld/src/HelloWorld.java,,8,4,변경
2024-09-12T14:55:49.990+09:00,rnjsa,IdeState,Active,HelloWorld,Editor,C:/Users/rnjsa/OneDrive/Desktop/2024/semester 2/PlatformBasedProgramming/HelloWorld/src/HelloWorld.java,,8,4,변경
2024-09-12T14:55:50.993+09:00,rnjsa,IdeState,Active,HelloWorld,Editor,C:/Users/rnjsa/OneDrive/Desktop/2024/semester 2/PlatformBasedProgramming/HelloWorld/src/HelloWorld.java,,8,4,변경
2024-09-12T14:55:51.996+09:00,rnjsa,IdeState,Active,HelloWorld,Editor,C:/Users/rnjsa/OneDrive/Desktop/2024/semester 2/PlatformBasedProgramming/HelloWorld/src/HelloWorld.java,,8,4,변경
2024-09-12T14:55:52.998+09:00,rnjsa,IdeState,Active,HelloWorld,Editor,C:/Users/rnjsa/OneDrive/Desktop/2024/semester 2/PlatformBasedProgramming/HelloWorld/src/HelloWorld.java,,8,4,변경
2024-09-12T14:55:54.003+09:00,rnjsa,IdeState,Active,HelloWorld,Editor,C:/Users/rnjsa/OneDrive/Desktop/2024/semester 2/PlatformBasedProgramming/HelloWorld/src/HelloWorld.java,,8,4,변경
2024-09-12T14:55:55.006+09:00,rnjsa,IdeState,Active,HelloWorld,Editor,C:/Users/rnjsa/OneDrive/Desktop/2024/semester 2/PlatformBasedProgramming/HelloWorld/src/HelloWorld.java,,8,4,변경
2024-09-12T14:55:56.009+09:00,rnjsa,IdeState,Active,HelloWorld,Editor,C:/Users/rnjsa/OneDrive/Desktop/2024/semester 2/PlatformBasedProgramming/HelloWorld/src/HelloWorld.java,,8,4,변경
2024-09-12T14:55:57.011+09:00,rnjsa,IdeState,Active,HelloWorld,Editor,C:/Users/rnjsa/OneDrive/Desktop/2024/semester 2/PlatformBasedProgramming/HelloWorld/src/HelloWorld.java,,8,4,변경
2024-09-12T14:55:58.013+09:00,rnjsa,IdeState,Active,HelloWorld,Editor,C:/Users/rnjsa/OneDrive/Desktop/2024/semester 2/PlatformBasedProgramming/HelloWorld/src/HelloWorld.java,,8,4,변경
2024-09-12T14:55:59.023+09:00,rnjsa,IdeState,Active,HelloWorld,Editor,C:/Users/rnjsa/OneDrive/Desktop/2024/semester 2/PlatformBasedProgramming/HelloWorld/src/HelloWorld.java,,8,4,변경
2024-09-12T14:56:00.042+09:00,rnjsa,IdeState,Active,HelloWorld,Editor,C:/Users/rnjsa/OneDrive/Desktop/2024/semester 2/PlatformBasedProgramming/HelloWorld/src/HelloWorld.java,,8,4,변경
2024-09-12T14:56:01.045+09:00,rnjsa,IdeState,Active,HelloWorld,Editor,C:/Users/rnjsa/OneDrive/Desktop/2024/semester 2/PlatformBasedProgramming/HelloWorld/src/HelloWorld.java,,8,4,변경
2024-09-12T14:56:02.047+09:00,rnjsa,IdeState,Active,HelloWorld,Editor,C:/Users/rnjsa/OneDrive/Desktop/2024/semester 2/PlatformBasedProgramming/HelloWorld/src/HelloWorld.java,,8,4,변경
2024-09-12T14:56:03.050+09:00,rnjsa,IdeState,Active,HelloWorld,Editor,C:/Users/rnjsa/OneDrive/Desktop/2024/semester 2/PlatformBasedProgramming/HelloWorld/src/HelloWorld.java,,8,4,변경
2024-09-12T14:56:04.054+09:00,rnjsa,IdeState,Active,HelloWorld,Editor,C:/Users/rnjsa/OneDrive/Desktop/2024/semester 2/PlatformBasedProgramming/HelloWorld/src/HelloWorld.java,,8,4,변경
2024-09-12T14:56:05.066+09:00,rnjsa,IdeState,Active,HelloWorld,Editor,C:/Users/rnjsa/OneDrive/Desktop/2024/semester 2/PlatformBasedProgramming/HelloWorld/src/HelloWorld.java,,8,4,변경
2024-09-12T14:56:06.077+09:00,rnjsa,IdeState,Active,HelloWorld,Editor,C:/Users/rnjsa/OneDrive/Desktop/2024/semester 2/PlatformBasedProgramming/HelloWorld/src/HelloWorld.java,,8,4,변경
2024-09-12T14:56:07.079+09:00,rnjsa,IdeState,Active,HelloWorld,Editor,C:/Users/rnjsa/OneDrive/Desktop/2024/semester 2/PlatformBasedProgramming/HelloWorld/src/HelloWorld.java,,8,4,변경
2024-09-12T14:56:08.083+09:00,rnjsa,IdeState,Active,HelloWorld,Editor,C:/Users/rnjsa/OneDrive/Desktop/2024/semester 2/PlatformBasedProgramming/HelloWorld/src/HelloWorld.java,,8,4,변경
2024-09-12T14:56:09.091+09:00,rnjsa,IdeState,Active,HelloWorld,Editor,C:/Users/rnjsa/OneDrive/Desktop/2024/semester 2/PlatformBasedProgramming/HelloWorld/src/HelloWorld.java,,8,4,변경
2024-09-12T14:56:10.111+09:00,rnjsa,IdeState,Active,HelloWorld,Editor,C:/Users/rnjsa/OneDrive/Desktop/2024/semester 2/PlatformBasedProgramming/HelloWorld/src/HelloWorld.java,,8,4,변경
2024-09-12T14:56:11.131+09:00,rnjsa,IdeState,Active,HelloWorld,Editor,C:/Users/rnjsa/OneDrive/Desktop/2024/semester 2/PlatformBasedProgramming/HelloWorld/src/HelloWorld.java,,8,4,변경
2024-09-12T14:56:12.133+09:00,rnjsa,IdeState,Active,HelloWorld,Editor,C:/Users/rnjsa/OneDrive/Desktop/2024/semester 2/PlatformBasedProgramming/HelloWorld/src/HelloWorld.java,,8,4,변경
2024-09-12T14:56:13.137+09:00,rnjsa,IdeState,Active,HelloWorld,Editor,C:/Users/rnjsa/OneDrive/Desktop/2024/semester 2/PlatformBasedProgramming/HelloWorld/src/HelloWorld.java,,8,4,변경
2024-09-12T14:56:14.141+09:00,rnjsa,IdeState,Active,HelloWorld,Editor,C:/Users/rnjsa/OneDrive/Desktop/2024/semester 2/PlatformBasedProgramming/HelloWorld/src/HelloWorld.java,,8,4,변경
2024-09-12T14:56:15.143+09:00,rnjsa,IdeState,Active,HelloWorld,Editor,C:/Users/rnjsa/OneDrive/Desktop/2024/semester 2/PlatformBasedProgramming/HelloWorld/src/HelloWorld.java,,8,4,변경
2024-09-12T14:56:16.155+09:00,rnjsa,IdeState,Active,HelloWorld,Editor,C:/Users/rnjsa/OneDrive/Desktop/2024/semester 2/PlatformBasedProgramming/HelloWorld/src/HelloWorld.java,,8,4,변경
2024-09-12T14:56:17.165+09:00,rnjsa,IdeState,Active,HelloWorld,Editor,C:/Users/rnjsa/OneDrive/Desktop/2024/semester 2/PlatformBasedProgramming/HelloWorld/src/HelloWorld.java,,8,4,변경
2024-09-12T14:56:18.178+09:00,rnjsa,IdeState,Active,HelloWorld,Editor,C:/Users/rnjsa/OneDrive/Desktop/2024/semester 2/PlatformBasedProgramming/HelloWorld/src/HelloWorld.java,,8,4,변경
2024-09-12T14:56:19.182+09:00,rnjsa,IdeState,Active,HelloWorld,Editor,C:/Users/rnjsa/OneDrive/Desktop/2024/semester 2/PlatformBasedProgramming/HelloWorld/src/HelloWorld.java,,8,4,변경
2024-09-12T14:56:20.185+09:00,rnjsa,IdeState,Active,HelloWorld,Editor,C:/Users/rnjsa/OneDrive/Desktop/2024/semester 2/PlatformBasedProgramming/HelloWorld/src/HelloWorld.java,,8,4,변경
2024-09-12T14:56:21.188+09:00,rnjsa,IdeState,Active,HelloWorld,Editor,C:/Users/rnjsa/OneDrive/Desktop/2024/semester 2/PlatformBasedProgramming/HelloWorld/src/HelloWorld.java,,8,4,변경
2024-09-12T14:56:22.192+09:00,rnjsa,IdeState,Active,HelloWorld,Editor,C:/Users/rnjsa/OneDrive/Desktop/2024/semester 2/PlatformBasedProgramming/HelloWorld/src/HelloWorld.java,,8,4,변경
2024-09-12T14:56:23.211+09:00,rnjsa,IdeState,Active,HelloWorld,Editor,C:/Users/rnjsa/OneDrive/Desktop/2024/semester 2/PlatformBasedProgramming/HelloWorld/src/HelloWorld.java,,8,4,변경
2024-09-12T14:56:24.214+09:00,rnjsa,IdeState,Active,HelloWorld,Editor,C:/Users/rnjsa/OneDrive/Desktop/2024/semester 2/PlatformBasedProgramming/HelloWorld/src/HelloWorld.java,,8,4,변경
2024-09-12T14:56:25.218+09:00,rnjsa,IdeState,Active,HelloWorld,Editor,C:/Users/rnjsa/OneDrive/Desktop/2024/semester 2/PlatformBasedProgramming/HelloWorld/src/HelloWorld.java,,8,4,변경
2024-09-12T14:56:26.223+09:00,rnjsa,IdeState,Active,HelloWorld,Editor,C:/Users/rnjsa/OneDrive/Desktop/2024/semester 2/PlatformBasedProgramming/HelloWorld/src/HelloWorld.java,,8,4,변경
2024-09-12T14:56:27.225+09:00,rnjsa,IdeState,Active,HelloWorld,Editor,C:/Users/rnjsa/OneDrive/Desktop/2024/semester 2/PlatformBasedProgramming/HelloWorld/src/HelloWorld.java,,8,4,변경
2024-09-12T14:56:28.229+09:00,rnjsa,IdeState,Active,HelloWorld,Editor,C:/Users/rnjsa/OneDrive/Desktop/2024/semester 2/PlatformBasedProgramming/HelloWorld/src/HelloWorld.java,,8,4,변경
2024-09-12T14:56:29.238+09:00,rnjsa,IdeState,Active,HelloWorld,Editor,C:/Users/rnjsa/OneDrive/Desktop/2024/semester 2/PlatformBasedProgramming/HelloWorld/src/HelloWorld.java,,8,4,변경
2024-09-12T14:56:30.244+09:00,rnjsa,IdeState,Active,HelloWorld,Editor,C:/Users/rnjsa/OneDrive/Desktop/2024/semester 2/PlatformBasedProgramming/HelloWorld/src/HelloWorld.java,,8,4,변경
2024-09-12T14:56:31.250+09:00,rnjsa,IdeState,Active,HelloWorld,Editor,C:/Users/rnjsa/OneDrive/Desktop/2024/semester 2/PlatformBasedProgramming/HelloWorld/src/HelloWorld.java,,8,4,변경
2024-09-12T14:56:32.266+09:00,rnjsa,IdeState,Active,HelloWorld,Editor,C:/Users/rnjsa/OneDrive/Desktop/2024/semester 2/PlatformBasedProgramming/HelloWorld/src/HelloWorld.java,,8,4,변경
2024-09-12T14:56:33.269+09:00,rnjsa,IdeState,Active,HelloWorld,Editor,C:/Users/rnjsa/OneDrive/Desktop/2024/semester 2/PlatformBasedProgramming/HelloWorld/src/HelloWorld.java,,8,4,변경
2024-09-12T14:56:34.272+09:00,rnjsa,IdeState,Active,HelloWorld,Editor,C:/Users/rnjsa/OneDrive/Desktop/2024/semester 2/PlatformBasedProgramming/HelloWorld/src/HelloWorld.java,,8,4,변경
2024-09-12T14:56:35.274+09:00,rnjsa,IdeState,Active,HelloWorld,Editor,C:/Users/rnjsa/OneDrive/Desktop/2024/semester 2/PlatformBasedProgramming/HelloWorld/src/HelloWorld.java,,8,4,변경
2024-09-12T14:56:36.280+09:00,rnjsa,IdeState,Active,HelloWorld,Editor,C:/Users/rnjsa/OneDrive/Desktop/2024/semester 2/PlatformBasedProgramming/HelloWorld/src/HelloWorld.java,,8,4,변경
2024-09-12T14:56:37.293+09:00,rnjsa,IdeState,Active,HelloWorld,Editor,C:/Users/rnjsa/OneDrive/Desktop/2024/semester 2/PlatformBasedProgramming/HelloWorld/src/HelloWorld.java,,8,4,변경
2024-09-12T14:56:38.301+09:00,rnjsa,IdeState,Active,HelloWorld,Editor,C:/Users/rnjsa/OneDrive/Desktop/2024/semester 2/PlatformBasedProgramming/HelloWorld/src/HelloWorld.java,,8,4,변경
2024-09-12T14:56:39.302+09:00,rnjsa,IdeState,Active,HelloWorld,Editor,C:/Users/rnjsa/OneDrive/Desktop/2024/semester 2/PlatformBasedProgramming/HelloWorld/src/HelloWorld.java,,8,4,변경
2024-09-12T14:56:40.307+09:00,rnjsa,IdeState,Active,HelloWorld,Editor,C:/Users/rnjsa/OneDrive/Desktop/2024/semester 2/PlatformBasedProgramming/HelloWorld/src/HelloWorld.java,,8,4,변경
2024-09-12T14:56:41.312+09:00,rnjsa,IdeState,Active,HelloWorld,Editor,C:/Users/rnjsa/OneDrive/Desktop/2024/semester 2/PlatformBasedProgramming/HelloWorld/src/HelloWorld.java,,8,4,변경
2024-09-12T14:56:42.316+09:00,rnjsa,IdeState,Active,HelloWorld,Editor,C:/Users/rnjsa/OneDrive/Desktop/2024/semester 2/PlatformBasedProgramming/HelloWorld/src/HelloWorld.java,,8,4,변경
2024-09-12T14:56:43.320+09:00,rnjsa,IdeState,Active,HelloWorld,Editor,C:/Users/rnjsa/OneDrive/Desktop/2024/semester 2/PlatformBasedProgramming/HelloWorld/src/HelloWorld.java,,8,4,변경
2024-09-12T14:56:44.323+09:00,rnjsa,IdeState,Active,HelloWorld,Editor,C:/Users/rnjsa/OneDrive/Desktop/2024/semester 2/PlatformBasedProgramming/HelloWorld/src/HelloWorld.java,,8,4,변경
2024-09-12T14:56:45.327+09:00,rnjsa,IdeState,Active,HelloWorld,Editor,C:/Users/rnjsa/OneDrive/Desktop/2024/semester 2/PlatformBasedProgramming/HelloWorld/src/HelloWorld.java,,8,4,변경
2024-09-12T14:56:46.328+09:00,rnjsa,IdeState,Active,HelloWorld,Editor,C:/Users/rnjsa/OneDrive/Desktop/2024/semester 2/PlatformBasedProgramming/HelloWorld/src/HelloWorld.java,,8,4,변경
2024-09-12T14:56:47.335+09:00,rnjsa,IdeState,Active,HelloWorld,Editor,C:/Users/rnjsa/OneDrive/Desktop/2024/semester 2/PlatformBasedProgramming/HelloWorld/src/HelloWorld.java,,8,4,변경
2024-09-12T14:56:48.338+09:00,rnjsa,IdeState,Active,HelloWorld,Editor,C:/Users/rnjsa/OneDrive/Desktop/2024/semester 2/PlatformBasedProgramming/HelloWorld/src/HelloWorld.java,,8,4,변경
2024-09-12T14:56:49.340+09:00,rnjsa,IdeState,Active,HelloWorld,Editor,C:/Users/rnjsa/OneDrive/Desktop/2024/semester 2/PlatformBasedProgramming/HelloWorld/src/HelloWorld.java,,8,4,변경
2024-09-12T14:56:50.344+09:00,rnjsa,IdeState,Active,HelloWorld,Editor,C:/Users/rnjsa/OneDrive/Desktop/2024/semester 2/PlatformBasedProgramming/HelloWorld/src/HelloWorld.java,,8,4,변경
2024-09-12T14:56:51.348+09:00,rnjsa,IdeState,Active,HelloWorld,Editor,C:/Users/rnjsa/OneDrive/Desktop/2024/semester 2/PlatformBasedProgramming/HelloWorld/src/HelloWorld.java,,8,4,변경
2024-09-12T14:56:52.350+09:00,rnjsa,IdeState,Active,HelloWorld,Editor,C:/Users/rnjsa/OneDrive/Desktop/2024/semester 2/PlatformBasedProgramming/HelloWorld/src/HelloWorld.java,,8,4,변경
2024-09-12T14:56:53.361+09:00,rnjsa,IdeState,Active,HelloWorld,Editor,C:/Users/rnjsa/OneDrive/Desktop/2024/semester 2/PlatformBasedProgramming/HelloWorld/src/HelloWorld.java,,8,4,변경
2024-09-12T14:56:54.369+09:00,rnjsa,IdeState,Active,HelloWorld,Editor,C:/Users/rnjsa/OneDrive/Desktop/2024/semester 2/PlatformBasedProgramming/HelloWorld/src/HelloWorld.java,,8,4,변경
2024-09-12T14:56:55.385+09:00,rnjsa,IdeState,Active,HelloWorld,Editor,C:/Users/rnjsa/OneDrive/Desktop/2024/semester 2/PlatformBasedProgramming/HelloWorld/src/HelloWorld.java,,8,4,변경
2024-09-12T14:56:56.386+09:00,rnjsa,IdeState,Active,HelloWorld,Editor,C:/Users/rnjsa/OneDrive/Desktop/2024/semester 2/PlatformBasedProgramming/HelloWorld/src/HelloWorld.java,,8,4,변경
2024-09-12T14:56:57.389+09:00,rnjsa,IdeState,Active,HelloWorld,Editor,C:/Users/rnjsa/OneDrive/Desktop/2024/semester 2/PlatformBasedProgramming/HelloWorld/src/HelloWorld.java,,8,4,변경
2024-09-12T14:56:58.391+09:00,rnjsa,IdeState,Active,HelloWorld,Editor,C:/Users/rnjsa/OneDrive/Desktop/2024/semester 2/PlatformBasedProgramming/HelloWorld/src/HelloWorld.java,,8,4,변경
2024-09-12T14:56:59.393+09:00,rnjsa,IdeState,Active,HelloWorld,Editor,C:/Users/rnjsa/OneDrive/Desktop/2024/semester 2/PlatformBasedProgramming/HelloWorld/src/HelloWorld.java,,8,4,변경
2024-09-12T14:57:00.396+09:00,rnjsa,IdeState,Active,HelloWorld,Editor,C:/Users/rnjsa/OneDrive/Desktop/2024/semester 2/PlatformBasedProgramming/HelloWorld/src/HelloWorld.java,,8,4,변경
2024-09-12T14:57:01.400+09:00,rnjsa,IdeState,Active,HelloWorld,Editor,C:/Users/rnjsa/OneDrive/Desktop/2024/semester 2/PlatformBasedProgramming/HelloWorld/src/HelloWorld.java,,8,4,변경
2024-09-12T14:57:02.403+09:00,rnjsa,IdeState,Active,HelloWorld,Editor,C:/Users/rnjsa/OneDrive/Desktop/2024/semester 2/PlatformBasedProgramming/HelloWorld/src/HelloWorld.java,,8,4,변경
2024-09-12T14:57:03.406+09:00,rnjsa,IdeState,Active,HelloWorld,Editor,C:/Users/rnjsa/OneDrive/Desktop/2024/semester 2/PlatformBasedProgramming/HelloWorld/src/HelloWorld.java,,8,4,변경
2024-09-12T14:57:04.411+09:00,rnjsa,IdeState,Active,HelloWorld,Editor,C:/Users/rnjsa/OneDrive/Desktop/2024/semester 2/PlatformBasedProgramming/HelloWorld/src/HelloWorld.java,,8,4,변경
2024-09-12T14:57:05.414+09:00,rnjsa,IdeState,Active,HelloWorld,Editor,C:/Users/rnjsa/OneDrive/Desktop/2024/semester 2/PlatformBasedProgramming/HelloWorld/src/HelloWorld.java,,8,4,변경
2024-09-12T14:57:06.418+09:00,rnjsa,IdeState,Active,HelloWorld,Editor,C:/Users/rnjsa/OneDrive/Desktop/2024/semester 2/PlatformBasedProgramming/HelloWorld/src/HelloWorld.java,,8,4,변경
2024-09-12T14:57:07.423+09:00,rnjsa,IdeState,Active,HelloWorld,Editor,C:/Users/rnjsa/OneDrive/Desktop/2024/semester 2/PlatformBasedProgramming/HelloWorld/src/HelloWorld.java,,8,4,변경
2024-09-12T14:57:08.426+09:00,rnjsa,IdeState,Active,HelloWorld,Editor,C:/Users/rnjsa/OneDrive/Desktop/2024/semester 2/PlatformBasedProgramming/HelloWorld/src/HelloWorld.java,,8,4,변경
2024-09-12T14:57:09.435+09:00,rnjsa,IdeState,Active,HelloWorld,Editor,C:/Users/rnjsa/OneDrive/Desktop/2024/semester 2/PlatformBasedProgramming/HelloWorld/src/HelloWorld.java,,8,4,변경
2024-09-12T14:57:10.452+09:00,rnjsa,IdeState,Active,HelloWorld,Editor,C:/Users/rnjsa/OneDrive/Desktop/2024/semester 2/PlatformBasedProgramming/HelloWorld/src/HelloWorld.java,,8,4,변경
2024-09-12T14:57:11.471+09:00,rnjsa,IdeState,Active,HelloWorld,Editor,C:/Users/rnjsa/OneDrive/Desktop/2024/semester 2/PlatformBasedProgramming/HelloWorld/src/HelloWorld.java,,8,4,변경
2024-09-12T14:57:12.474+09:00,rnjsa,IdeState,Active,HelloWorld,Editor,C:/Users/rnjsa/OneDrive/Desktop/2024/semester 2/PlatformBasedProgramming/HelloWorld/src/HelloWorld.java,,8,4,변경
2024-09-12T14:57:13.478+09:00,rnjsa,IdeState,Active,HelloWorld,Editor,C:/Users/rnjsa/OneDrive/Desktop/2024/semester 2/PlatformBasedProgramming/HelloWorld/src/HelloWorld.java,,8,4,변경
2024-09-12T14:57:14.495+09:00,rnjsa,IdeState,Active,HelloWorld,Editor,C:/Users/rnjsa/OneDrive/Desktop/2024/semester 2/PlatformBasedProgramming/HelloWorld/src/HelloWorld.java,,8,4,변경
2024-09-12T14:57:15.505+09:00,rnjsa,IdeState,Active,HelloWorld,Editor,C:/Users/rnjsa/OneDrive/Desktop/2024/semester 2/PlatformBasedProgramming/HelloWorld/src/HelloWorld.java,,8,4,변경
2024-09-12T14:57:16.523+09:00,rnjsa,IdeState,Active,HelloWorld,Editor,C:/Users/rnjsa/OneDrive/Desktop/2024/semester 2/PlatformBasedProgramming/HelloWorld/src/HelloWorld.java,,8,4,변경
2024-09-12T14:57:17.527+09:00,rnjsa,IdeState,Active,HelloWorld,Editor,C:/Users/rnjsa/OneDrive/Desktop/2024/semester 2/PlatformBasedProgramming/HelloWorld/src/HelloWorld.java,,8,4,변경
2024-09-12T14:57:18.529+09:00,rnjsa,IdeState,Active,HelloWorld,Editor,C:/Users/rnjsa/OneDrive/Desktop/2024/semester 2/PlatformBasedProgramming/HelloWorld/src/HelloWorld.java,,8,4,변경
2024-09-12T14:57:19.534+09:00,rnjsa,IdeState,Active,HelloWorld,Editor,C:/Users/rnjsa/OneDrive/Desktop/2024/semester 2/PlatformBasedProgramming/HelloWorld/src/HelloWorld.java,,8,4,변경
2024-09-12T14:57:20.537+09:00,rnjsa,IdeState,Active,HelloWorld,Editor,C:/Users/rnjsa/OneDrive/Desktop/2024/semester 2/PlatformBasedProgramming/HelloWorld/src/HelloWorld.java,,8,4,변경
2024-09-12T14:57:21.541+09:00,rnjsa,IdeState,Active,HelloWorld,Editor,C:/Users/rnjsa/OneDrive/Desktop/2024/semester 2/PlatformBasedProgramming/HelloWorld/src/HelloWorld.java,,8,4,변경
2024-09-12T14:57:22.545+09:00,rnjsa,IdeState,Active,HelloWorld,Editor,C:/Users/rnjsa/OneDrive/Desktop/2024/semester 2/PlatformBasedProgramming/HelloWorld/src/HelloWorld.java,,8,4,변경
2024-09-12T14:57:23.548+09:00,rnjsa,IdeState,Active,HelloWorld,Editor,C:/Users/rnjsa/OneDrive/Desktop/2024/semester 2/PlatformBasedProgramming/HelloWorld/src/HelloWorld.java,,8,4,변경
2024-09-12T14:57:24.553+09:00,rnjsa,IdeState,Active,HelloWorld,Editor,C:/Users/rnjsa/OneDrive/Desktop/2024/semester 2/PlatformBasedProgramming/HelloWorld/src/HelloWorld.java,,8,4,변경
2024-09-12T14:57:25.555+09:00,rnjsa,IdeState,Active,HelloWorld,Editor,C:/Users/rnjsa/OneDrive/Desktop/2024/semester 2/PlatformBasedProgramming/HelloWorld/src/HelloWorld.java,,8,4,변경
2024-09-12T14:57:26.559+09:00,rnjsa,IdeState,Active,HelloWorld,Editor,C:/Users/rnjsa/OneDrive/Desktop/2024/semester 2/PlatformBasedProgramming/HelloWorld/src/HelloWorld.java,,8,4,변경
2024-09-12T14:57:27.563+09:00,rnjsa,IdeState,Active,HelloWorld,Editor,C:/Users/rnjsa/OneDrive/Desktop/2024/semester 2/PlatformBasedProgramming/HelloWorld/src/HelloWorld.java,,8,4,변경
2024-09-12T14:57:28.567+09:00,rnjsa,IdeState,Active,HelloWorld,Editor,C:/Users/rnjsa/OneDrive/Desktop/2024/semester 2/PlatformBasedProgramming/HelloWorld/src/HelloWorld.java,,8,4,변경
2024-09-12T14:57:29.571+09:00,rnjsa,IdeState,Active,HelloWorld,Editor,C:/Users/rnjsa/OneDrive/Desktop/2024/semester 2/PlatformBasedProgramming/HelloWorld/src/HelloWorld.java,,8,4,변경
2024-09-12T14:57:30.575+09:00,rnjsa,IdeState,Active,HelloWorld,Editor,C:/Users/rnjsa/OneDrive/Desktop/2024/semester 2/PlatformBasedProgramming/HelloWorld/src/HelloWorld.java,,8,4,변경
2024-09-12T14:57:31.580+09:00,rnjsa,IdeState,Active,HelloWorld,Editor,C:/Users/rnjsa/OneDrive/Desktop/2024/semester 2/PlatformBasedProgramming/HelloWorld/src/HelloWorld.java,,8,4,변경
2024-09-12T14:57:32.586+09:00,rnjsa,IdeState,Active,HelloWorld,Editor,C:/Users/rnjsa/OneDrive/Desktop/2024/semester 2/PlatformBasedProgramming/HelloWorld/src/HelloWorld.java,,8,4,변경
2024-09-12T14:57:33.602+09:00,rnjsa,IdeState,Active,HelloWorld,Editor,C:/Users/rnjsa/OneDrive/Desktop/2024/semester 2/PlatformBasedProgramming/HelloWorld/src/HelloWorld.java,,8,4,변경
2024-09-12T14:57:34.605+09:00,rnjsa,IdeState,Active,HelloWorld,Editor,C:/Users/rnjsa/OneDrive/Desktop/2024/semester 2/PlatformBasedProgramming/HelloWorld/src/HelloWorld.java,,8,4,변경
2024-09-12T14:57:35.610+09:00,rnjsa,IdeState,Active,HelloWorld,Editor,C:/Users/rnjsa/OneDrive/Desktop/2024/semester 2/PlatformBasedProgramming/HelloWorld/src/HelloWorld.java,,8,4,변경
2024-09-12T14:57:36.612+09:00,rnjsa,IdeState,Active,HelloWorld,Editor,C:/Users/rnjsa/OneDrive/Desktop/2024/semester 2/PlatformBasedProgramming/HelloWorld/src/HelloWorld.java,,8,4,변경
2024-09-12T14:57:37.618+09:00,rnjsa,IdeState,Active,HelloWorld,Editor,C:/Users/rnjsa/OneDrive/Desktop/2024/semester 2/PlatformBasedProgramming/HelloWorld/src/HelloWorld.java,,8,4,변경
2024-09-12T14:57:38.621+09:00,rnjsa,IdeState,Active,HelloWorld,Editor,C:/Users/rnjsa/OneDrive/Desktop/2024/semester 2/PlatformBasedProgramming/HelloWorld/src/HelloWorld.java,,8,4,변경
2024-09-12T14:57:39.623+09:00,rnjsa,IdeState,Active,HelloWorld,Editor,C:/Users/rnjsa/OneDrive/Desktop/2024/semester 2/PlatformBasedProgramming/HelloWorld/src/HelloWorld.java,,8,4,변경
2024-09-12T14:57:40.635+09:00,rnjsa,IdeState,Active,HelloWorld,Editor,C:/Users/rnjsa/OneDrive/Desktop/2024/semester 2/PlatformBasedProgramming/HelloWorld/src/HelloWorld.java,,8,4,변경
2024-09-12T14:57:41.654+09:00,rnjsa,IdeState,Active,HelloWorld,Editor,C:/Users/rnjsa/OneDrive/Desktop/2024/semester 2/PlatformBasedProgramming/HelloWorld/src/HelloWorld.java,,8,4,변경
2024-09-12T14:57:42.664+09:00,rnjsa,IdeState,Active,HelloWorld,Editor,C:/Users/rnjsa/OneDrive/Desktop/2024/semester 2/PlatformBasedProgramming/HelloWorld/src/HelloWorld.java,,8,4,변경
2024-09-12T14:57:43.666+09:00,rnjsa,IdeState,Active,HelloWorld,Editor,C:/Users/rnjsa/OneDrive/Desktop/2024/semester 2/PlatformBasedProgramming/HelloWorld/src/HelloWorld.java,,8,4,변경
2024-09-12T14:57:44.669+09:00,rnjsa,IdeState,Active,HelloWorld,Editor,C:/Users/rnjsa/OneDrive/Desktop/2024/semester 2/PlatformBasedProgramming/HelloWorld/src/HelloWorld.java,,8,4,변경
2024-09-12T14:57:45.675+09:00,rnjsa,IdeState,Active,HelloWorld,Editor,C:/Users/rnjsa/OneDrive/Desktop/2024/semester 2/PlatformBasedProgramming/HelloWorld/src/HelloWorld.java,,8,4,변경
2024-09-12T14:57:46.678+09:00,rnjsa,IdeState,Active,HelloWorld,Editor,C:/Users/rnjsa/OneDrive/Desktop/2024/semester 2/PlatformBasedProgramming/HelloWorld/src/HelloWorld.java,,8,4,변경
2024-09-12T14:57:47.679+09:00,rnjsa,IdeState,Active,HelloWorld,Editor,C:/Users/rnjsa/OneDrive/Desktop/2024/semester 2/PlatformBasedProgramming/HelloWorld/src/HelloWorld.java,,8,4,변경
2024-09-12T14:57:48.683+09:00,rnjsa,IdeState,Active,HelloWorld,Editor,C:/Users/rnjsa/OneDrive/Desktop/2024/semester 2/PlatformBasedProgramming/HelloWorld/src/HelloWorld.java,,8,4,변경
2024-09-12T14:57:49.697+09:00,rnjsa,IdeState,Active,HelloWorld,Editor,C:/Users/rnjsa/OneDrive/Desktop/2024/semester 2/PlatformBasedProgramming/HelloWorld/src/HelloWorld.java,,8,4,변경
2024-09-12T14:57:50.702+09:00,rnjsa,IdeState,Active,HelloWorld,Editor,C:/Users/rnjsa/OneDrive/Desktop/2024/semester 2/PlatformBasedProgramming/HelloWorld/src/HelloWorld.java,,8,4,변경
2024-09-12T14:57:51.716+09:00,rnjsa,IdeState,Active,HelloWorld,Editor,C:/Users/rnjsa/OneDrive/Desktop/2024/semester 2/PlatformBasedProgramming/HelloWorld/src/HelloWorld.java,,8,4,변경
2024-09-12T14:57:52.719+09:00,rnjsa,IdeState,Active,HelloWorld,Editor,C:/Users/rnjsa/OneDrive/Desktop/2024/semester 2/PlatformBasedProgramming/HelloWorld/src/HelloWorld.java,,8,4,변경
2024-09-12T14:57:53.722+09:00,rnjsa,IdeState,Active,HelloWorld,Editor,C:/Users/rnjsa/OneDrive/Desktop/2024/semester 2/PlatformBasedProgramming/HelloWorld/src/HelloWorld.java,,8,4,변경
2024-09-12T14:57:54.727+09:00,rnjsa,IdeState,Active,HelloWorld,Editor,C:/Users/rnjsa/OneDrive/Desktop/2024/semester 2/PlatformBasedProgramming/HelloWorld/src/HelloWorld.java,,8,4,변경
2024-09-12T14:57:55.732+09:00,rnjsa,IdeState,Active,HelloWorld,Editor,C:/Users/rnjsa/OneDrive/Desktop/2024/semester 2/PlatformBasedProgramming/HelloWorld/src/HelloWorld.java,,8,4,변경
2024-09-12T14:57:56.733+09:00,rnjsa,IdeState,Active,HelloWorld,Editor,C:/Users/rnjsa/OneDrive/Desktop/2024/semester 2/PlatformBasedProgramming/HelloWorld/src/HelloWorld.java,,8,4,변경
2024-09-12T14:57:57.738+09:00,rnjsa,IdeState,Active,HelloWorld,Editor,C:/Users/rnjsa/OneDrive/Desktop/2024/semester 2/PlatformBasedProgramming/HelloWorld/src/HelloWorld.java,,8,4,변경
2024-09-12T14:57:58.741+09:00,rnjsa,IdeState,Active,HelloWorld,Editor,C:/Users/rnjsa/OneDrive/Desktop/2024/semester 2/PlatformBasedProgramming/HelloWorld/src/HelloWorld.java,,8,4,변경
2024-09-12T14:57:59.762+09:00,rnjsa,IdeState,Active,HelloWorld,Editor,C:/Users/rnjsa/OneDrive/Desktop/2024/semester 2/PlatformBasedProgramming/HelloWorld/src/HelloWorld.java,,8,4,변경
2024-09-12T14:58:00.765+09:00,rnjsa,IdeState,Active,HelloWorld,Editor,C:/Users/rnjsa/OneDrive/Desktop/2024/semester 2/PlatformBasedProgramming/HelloWorld/src/HelloWorld.java,,8,4,변경
2024-09-12T14:58:01.769+09:00,rnjsa,IdeState,Active,HelloWorld,Editor,C:/Users/rnjsa/OneDrive/Desktop/2024/semester 2/PlatformBasedProgramming/HelloWorld/src/HelloWorld.java,,8,4,변경
2024-09-12T14:58:02.772+09:00,rnjsa,IdeState,Active,HelloWorld,Editor,C:/Users/rnjsa/OneDrive/Desktop/2024/semester 2/PlatformBasedProgramming/HelloWorld/src/HelloWorld.java,,8,4,변경
2024-09-12T14:58:03.777+09:00,rnjsa,IdeState,Active,HelloWorld,Editor,C:/Users/rnjsa/OneDrive/Desktop/2024/semester 2/PlatformBasedProgramming/HelloWorld/src/HelloWorld.java,,8,4,변경
2024-09-12T14:58:04.779+09:00,rnjsa,IdeState,Active,HelloWorld,Editor,C:/Users/rnjsa/OneDrive/Desktop/2024/semester 2/PlatformBasedProgramming/HelloWorld/src/HelloWorld.java,,8,4,변경
2024-09-12T14:58:05.782+09:00,rnjsa,IdeState,Active,HelloWorld,Editor,C:/Users/rnjsa/OneDrive/Desktop/2024/semester 2/PlatformBasedProgramming/HelloWorld/src/HelloWorld.java,,8,4,변경
2024-09-12T14:58:06.784+09:00,rnjsa,IdeState,Active,HelloWorld,Editor,C:/Users/rnjsa/OneDrive/Desktop/2024/semester 2/PlatformBasedProgramming/HelloWorld/src/HelloWorld.java,,8,4,변경
2024-09-12T14:58:07.786+09:00,rnjsa,IdeState,Active,HelloWorld,Editor,C:/Users/rnjsa/OneDrive/Desktop/2024/semester 2/PlatformBasedProgramming/HelloWorld/src/HelloWorld.java,,8,4,변경
2024-09-12T14:58:08.790+09:00,rnjsa,IdeState,Active,HelloWorld,Editor,C:/Users/rnjsa/OneDrive/Desktop/2024/semester 2/PlatformBasedProgramming/HelloWorld/src/HelloWorld.java,,8,4,변경
2024-09-12T14:58:09.791+09:00,rnjsa,IdeState,Active,HelloWorld,Editor,C:/Users/rnjsa/OneDrive/Desktop/2024/semester 2/PlatformBasedProgramming/HelloWorld/src/HelloWorld.java,,8,4,변경
2024-09-12T14:58:10.794+09:00,rnjsa,IdeState,Active,HelloWorld,Editor,C:/Users/rnjsa/OneDrive/Desktop/2024/semester 2/PlatformBasedProgramming/HelloWorld/src/HelloWorld.java,,8,4,변경
2024-09-12T14:58:11.796+09:00,rnjsa,IdeState,Active,HelloWorld,Editor,C:/Users/rnjsa/OneDrive/Desktop/2024/semester 2/PlatformBasedProgramming/HelloWorld/src/HelloWorld.java,,8,4,변경
2024-09-12T14:58:12.799+09:00,rnjsa,IdeState,Active,HelloWorld,Editor,C:/Users/rnjsa/OneDrive/Desktop/2024/semester 2/PlatformBasedProgramming/HelloWorld/src/HelloWorld.java,,8,4,변경
2024-09-12T14:58:13.801+09:00,rnjsa,IdeState,Active,HelloWorld,Editor,C:/Users/rnjsa/OneDrive/Desktop/2024/semester 2/PlatformBasedProgramming/HelloWorld/src/HelloWorld.java,,8,4,변경
2024-09-12T14:58:14.803+09:00,rnjsa,IdeState,Active,HelloWorld,Editor,C:/Users/rnjsa/OneDrive/Desktop/2024/semester 2/PlatformBasedProgramming/HelloWorld/src/HelloWorld.java,,8,4,변경
2024-09-12T14:58:15.806+09:00,rnjsa,IdeState,Active,HelloWorld,Editor,C:/Users/rnjsa/OneDrive/Desktop/2024/semester 2/PlatformBasedProgramming/HelloWorld/src/HelloWorld.java,,8,4,변경
2024-09-12T14:58:16.808+09:00,rnjsa,IdeState,Active,HelloWorld,Editor,C:/Users/rnjsa/OneDrive/Desktop/2024/semester 2/PlatformBasedProgramming/HelloWorld/src/HelloWorld.java,,8,4,변경
2024-09-12T14:58:17.811+09:00,rnjsa,IdeState,Active,HelloWorld,Editor,C:/Users/rnjsa/OneDrive/Desktop/2024/semester 2/PlatformBasedProgramming/HelloWorld/src/HelloWorld.java,,8,4,변경
2024-09-12T14:58:18.812+09:00,rnjsa,IdeState,Active,HelloWorld,Editor,C:/Users/rnjsa/OneDrive/Desktop/2024/semester 2/PlatformBasedProgramming/HelloWorld/src/HelloWorld.java,,8,4,변경
2024-09-12T14:58:19.815+09:00,rnjsa,IdeState,Active,HelloWorld,Editor,C:/Users/rnjsa/OneDrive/Desktop/2024/semester 2/PlatformBasedProgramming/HelloWorld/src/HelloWorld.java,,8,4,변경
2024-09-12T14:58:20.818+09:00,rnjsa,IdeState,Active,HelloWorld,Editor,C:/Users/rnjsa/OneDrive/Desktop/2024/semester 2/PlatformBasedProgramming/HelloWorld/src/HelloWorld.java,,8,4,변경
2024-09-12T14:58:21.819+09:00,rnjsa,IdeState,Active,HelloWorld,Editor,C:/Users/rnjsa/OneDrive/Desktop/2024/semester 2/PlatformBasedProgramming/HelloWorld/src/HelloWorld.java,,8,4,변경
2024-09-12T14:58:22.821+09:00,rnjsa,IdeState,Active,HelloWorld,Editor,C:/Users/rnjsa/OneDrive/Desktop/2024/semester 2/PlatformBasedProgramming/HelloWorld/src/HelloWorld.java,,8,4,변경
2024-09-12T14:58:23.823+09:00,rnjsa,IdeState,Active,HelloWorld,Editor,C:/Users/rnjsa/OneDrive/Desktop/2024/semester 2/PlatformBasedProgramming/HelloWorld/src/HelloWorld.java,,8,4,변경
2024-09-12T14:58:24.824+09:00,rnjsa,IdeState,Active,HelloWorld,Editor,C:/Users/rnjsa/OneDrive/Desktop/2024/semester 2/PlatformBasedProgramming/HelloWorld/src/HelloWorld.java,,8,4,변경
2024-09-12T14:58:25.826+09:00,rnjsa,IdeState,Active,HelloWorld,Editor,C:/Users/rnjsa/OneDrive/Desktop/2024/semester 2/PlatformBasedProgramming/HelloWorld/src/HelloWorld.java,,8,4,변경
2024-09-12T14:58:26.829+09:00,rnjsa,IdeState,Active,HelloWorld,Editor,C:/Users/rnjsa/OneDrive/Desktop/2024/semester 2/PlatformBasedProgramming/HelloWorld/src/HelloWorld.java,,8,4,변경
2024-09-12T14:58:27.830+09:00,rnjsa,IdeState,Active,HelloWorld,Editor,C:/Users/rnjsa/OneDrive/Desktop/2024/semester 2/PlatformBasedProgramming/HelloWorld/src/HelloWorld.java,,8,4,변경
2024-09-12T14:58:28.833+09:00,rnjsa,IdeState,Active,HelloWorld,Editor,C:/Users/rnjsa/OneDrive/Desktop/2024/semester 2/PlatformBasedProgramming/HelloWorld/src/HelloWorld.java,,8,4,변경
2024-09-12T14:58:29.835+09:00,rnjsa,IdeState,Active,HelloWorld,Editor,C:/Users/rnjsa/OneDrive/Desktop/2024/semester 2/PlatformBasedProgramming/HelloWorld/src/HelloWorld.java,,8,4,변경
2024-09-12T14:58:30.838+09:00,rnjsa,IdeState,Active,HelloWorld,Editor,C:/Users/rnjsa/OneDrive/Desktop/2024/semester 2/PlatformBasedProgramming/HelloWorld/src/HelloWorld.java,,8,4,변경
2024-09-12T14:58:31.841+09:00,rnjsa,IdeState,Active,HelloWorld,Editor,C:/Users/rnjsa/OneDrive/Desktop/2024/semester 2/PlatformBasedProgramming/HelloWorld/src/HelloWorld.java,,8,4,변경
2024-09-12T14:58:32.843+09:00,rnjsa,IdeState,Active,HelloWorld,Editor,C:/Users/rnjsa/OneDrive/Desktop/2024/semester 2/PlatformBasedProgramming/HelloWorld/src/HelloWorld.java,,8,4,변경
2024-09-12T14:58:33.860+09:00,rnjsa,IdeState,Active,HelloWorld,Editor,C:/Users/rnjsa/OneDrive/Desktop/2024/semester 2/PlatformBasedProgramming/HelloWorld/src/HelloWorld.java,,8,4,변경
2024-09-12T14:58:34.871+09:00,rnjsa,IdeState,Active,HelloWorld,Editor,C:/Users/rnjsa/OneDrive/Desktop/2024/semester 2/PlatformBasedProgramming/HelloWorld/src/HelloWorld.java,,8,4,변경
2024-09-12T14:58:35.873+09:00,rnjsa,IdeState,Active,HelloWorld,Editor,C:/Users/rnjsa/OneDrive/Desktop/2024/semester 2/PlatformBasedProgramming/HelloWorld/src/HelloWorld.java,,8,4,변경
2024-09-12T14:58:36.883+09:00,rnjsa,IdeState,Active,HelloWorld,Editor,C:/Users/rnjsa/OneDrive/Desktop/2024/semester 2/PlatformBasedProgramming/HelloWorld/src/HelloWorld.java,,8,4,변경
2024-09-12T14:58:37.893+09:00,rnjsa,IdeState,Active,HelloWorld,Editor,C:/Users/rnjsa/OneDrive/Desktop/2024/semester 2/PlatformBasedProgramming/HelloWorld/src/HelloWorld.java,,8,4,변경
2024-09-12T14:58:38.903+09:00,rnjsa,IdeState,Active,HelloWorld,Editor,C:/Users/rnjsa/OneDrive/Desktop/2024/semester 2/PlatformBasedProgramming/HelloWorld/src/HelloWorld.java,,8,4,변경
2024-09-12T14:58:39.908+09:00,rnjsa,IdeState,Active,HelloWorld,Editor,C:/Users/rnjsa/OneDrive/Desktop/2024/semester 2/PlatformBasedProgramming/HelloWorld/src/HelloWorld.java,,8,4,변경
2024-09-12T14:58:40.924+09:00,rnjsa,IdeState,Active,HelloWorld,Editor,C:/Users/rnjsa/OneDrive/Desktop/2024/semester 2/PlatformBasedProgramming/HelloWorld/src/HelloWorld.java,,8,4,변경
2024-09-12T14:58:41.942+09:00,rnjsa,IdeState,Active,HelloWorld,Editor,C:/Users/rnjsa/OneDrive/Desktop/2024/semester 2/PlatformBasedProgramming/HelloWorld/src/HelloWorld.java,,8,4,변경
2024-09-12T14:58:42.950+09:00,rnjsa,IdeState,Active,HelloWorld,Editor,C:/Users/rnjsa/OneDrive/Desktop/2024/semester 2/PlatformBasedProgramming/HelloWorld/src/HelloWorld.java,,8,4,변경
2024-09-12T14:58:43.965+09:00,rnjsa,IdeState,Active,HelloWorld,Editor,C:/Users/rnjsa/OneDrive/Desktop/2024/semester 2/PlatformBasedProgramming/HelloWorld/src/HelloWorld.java,,8,4,변경
2024-09-12T14:58:44.978+09:00,rnjsa,IdeState,Active,HelloWorld,Editor,C:/Users/rnjsa/OneDrive/Desktop/2024/semester 2/PlatformBasedProgramming/HelloWorld/src/HelloWorld.java,,8,4,변경
2024-09-12T14:58:45.983+09:00,rnjsa,IdeState,Inactive,,,,,-1,-1,
2024-09-12T14:58:46.990+09:00,rnjsa,IdeState,Inactive,,,,,-1,-1,
2024-09-12T14:58:48.005+09:00,rnjsa,IdeState,Inactive,,,,,-1,-1,
2024-09-12T14:58:49.022+09:00,rnjsa,IdeState,Inactive,,,,,-1,-1,
2024-09-12T14:58:50.031+09:00,rnjsa,IdeState,Inactive,,,,,-1,-1,
2024-09-12T14:58:51.038+09:00,rnjsa,IdeState,Inactive,,,,,-1,-1,
2024-09-12T14:58:52.046+09:00,rnjsa,IdeState,Inactive,,,,,-1,-1,
2024-09-12T14:58:53.071+09:00,rnjsa,IdeState,Inactive,,,,,-1,-1,
2024-09-12T14:58:54.081+09:00,rnjsa,IdeState,Inactive,,,,,-1,-1,
2024-09-12T14:58:55.088+09:00,rnjsa,IdeState,Inactive,,,,,-1,-1,
2024-09-12T14:58:56.094+09:00,rnjsa,IdeState,Inactive,,,,,-1,-1,
2024-09-12T14:58:57.103+09:00,rnjsa,IdeState,Inactive,,,,,-1,-1,
2024-09-12T14:58:58.112+09:00,rnjsa,IdeState,Inactive,,,,,-1,-1,
2024-09-12T14:58:59.118+09:00,rnjsa,IdeState,Inactive,,,,,-1,-1,
2024-09-12T14:59:00.134+09:00,rnjsa,IdeState,Inactive,,,,,-1,-1,
2024-09-12T14:59:01.142+09:00,rnjsa,IdeState,Inactive,,,,,-1,-1,
2024-09-12T14:59:02.152+09:00,rnjsa,IdeState,Inactive,,,,,-1,-1,
2024-09-12T14:59:03.165+09:00,rnjsa,IdeState,Inactive,,,,,-1,-1,
2024-09-12T14:59:04.166+09:00,rnjsa,IdeState,Inactive,,,,,-1,-1,
2024-09-12T14:59:05.172+09:00,rnjsa,IdeState,Inactive,,,,,-1,-1,
2024-09-12T14:59:06.174+09:00,rnjsa,IdeState,Inactive,,,,,-1,-1,
2024-09-12T14:59:07.174+09:00,rnjsa,IdeState,Inactive,,,,,-1,-1,
2024-09-12T14:59:08.182+09:00,rnjsa,IdeState,Inactive,,,,,-1,-1,
2024-09-12T14:59:09.198+09:00,rnjsa,IdeState,Inactive,,,,,-1,-1,
2024-09-12T14:59:10.204+09:00,rnjsa,IdeState,Inactive,,,,,-1,-1,
2024-09-12T14:59:11.208+09:00,rnjsa,IdeState,Inactive,,,,,-1,-1,
2024-09-12T14:59:12.209+09:00,rnjsa,IdeState,Inactive,,,,,-1,-1,
2024-09-12T14:59:13.226+09:00,rnjsa,IdeState,Inactive,,,,,-1,-1,
2024-09-12T14:59:14.228+09:00,rnjsa,IdeState,Inactive,,,,,-1,-1,
2024-09-12T14:59:15.232+09:00,rnjsa,IdeState,Inactive,,,,,-1,-1,
2024-09-12T14:59:16.241+09:00,rnjsa,IdeState,Inactive,,,,,-1,-1,
2024-09-12T14:59:17.254+09:00,rnjsa,IdeState,Inactive,,,,,-1,-1,
2024-09-12T14:59:18.260+09:00,rnjsa,IdeState,Inactive,,,,,-1,-1,
2024-09-12T14:59:19.265+09:00,rnjsa,IdeState,Inactive,,,,,-1,-1,
2024-09-12T14:59:20.278+09:00,rnjsa,IdeState,Inactive,,,,,-1,-1,
2024-09-12T14:59:21.279+09:00,rnjsa,IdeState,Inactive,,,,,-1,-1,
2024-09-12T14:59:22.288+09:00,rnjsa,IdeState,Inactive,,,,,-1,-1,
2024-09-12T14:59:23.293+09:00,rnjsa,IdeState,Inactive,,,,,-1,-1,
2024-09-12T14:59:24.300+09:00,rnjsa,IdeState,Inactive,,,,,-1,-1,
2024-09-12T14:59:25.307+09:00,rnjsa,IdeState,Inactive,,,,,-1,-1,
2024-09-12T14:59:26.325+09:00,rnjsa,IdeState,Inactive,,,,,-1,-1,
2024-09-12T14:59:27.330+09:00,rnjsa,IdeState,Inactive,,,,,-1,-1,
2024-09-12T14:59:28.343+09:00,rnjsa,IdeState,Inactive,,,,,-1,-1,
2024-09-12T14:59:29.350+09:00,rnjsa,IdeState,Inactive,,,,,-1,-1,
2024-09-12T14:59:30.353+09:00,rnjsa,IdeState,Inactive,,,,,-1,-1,
2024-09-12T14:59:31.355+09:00,rnjsa,IdeState,Inactive,,,,,-1,-1,
2024-09-12T14:59:32.367+09:00,rnjsa,IdeState,Inactive,,,,,-1,-1,
2024-09-12T14:59:33.373+09:00,rnjsa,IdeState,Inactive,,,,,-1,-1,
2024-09-12T14:59:34.375+09:00,rnjsa,IdeState,Inactive,,,,,-1,-1,
2024-09-12T14:59:35.382+09:00,rnjsa,IdeState,Inactive,,,,,-1,-1,
2024-09-12T14:59:36.391+09:00,rnjsa,IdeState,Inactive,,,,,-1,-1,
2024-09-12T14:59:37.395+09:00,rnjsa,IdeState,Inactive,,,,,-1,-1,
2024-09-12T14:59:38.409+09:00,rnjsa,IdeState,Inactive,,,,,-1,-1,
2024-09-12T14:59:39.421+09:00,rnjsa,IdeState,Inactive,,,,,-1,-1,
2024-09-12T14:59:40.423+09:00,rnjsa,IdeState,Inactive,,,,,-1,-1,
2024-09-12T14:59:41.432+09:00,rnjsa,IdeState,Inactive,,,,,-1,-1,
2024-09-12T14:59:42.440+09:00,rnjsa,IdeState,Inactive,,,,,-1,-1,
2024-09-12T14:59:43.443+09:00,rnjsa,IdeState,Inactive,,,,,-1,-1,
2024-09-12T14:59:44.521+09:00,rnjsa,IdeState,Inactive,,,,,-1,-1,
2024-09-12T14:59:45.563+09:00,rnjsa,IdeState,Inactive,,,,,-1,-1,
2024-09-12T14:59:46.583+09:00,rnjsa,IdeState,Inactive,,,,,-1,-1,
2024-09-12T14:59:47.584+09:00,rnjsa,IdeState,Inactive,,,,,-1,-1,
2024-09-12T14:59:48.596+09:00,rnjsa,IdeState,Inactive,,,,,-1,-1,
2024-09-12T14:59:49.603+09:00,rnjsa,IdeState,Inactive,,,,,-1,-1,
2024-09-12T14:59:50.616+09:00,rnjsa,IdeState,Inactive,,,,,-1,-1,
2024-09-12T14:59:51.641+09:00,rnjsa,IdeState,Inactive,,,,,-1,-1,
2024-09-12T14:59:52.643+09:00,rnjsa,IdeState,Inactive,,,,,-1,-1,
2024-09-12T14:59:53.644+09:00,rnjsa,IdeState,Inactive,,,,,-1,-1,
2024-09-12T14:59:54.656+09:00,rnjsa,IdeState,Inactive,,,,,-1,-1,
2024-09-12T14:59:55.661+09:00,rnjsa,IdeState,Inactive,,,,,-1,-1,
2024-09-12T14:59:56.681+09:00,rnjsa,IdeState,Inactive,,,,,-1,-1,
2024-09-12T14:59:57.689+09:00,rnjsa,IdeState,Inactive,,,,,-1,-1,
2024-09-12T14:59:58.696+09:00,rnjsa,IdeState,Inactive,,,,,-1,-1,
2024-09-12T14:59:59.704+09:00,rnjsa,IdeState,Inactive,,,,,-1,-1,
2024-09-12T15:00:00.711+09:00,rnjsa,IdeState,Inactive,,,,,-1,-1,
2024-09-12T15:00:01.712+09:00,rnjsa,IdeState,Inactive,,,,,-1,-1,
2024-09-12T15:00:02.719+09:00,rnjsa,IdeState,Inactive,,,,,-1,-1,
2024-09-12T15:00:03.725+09:00,rnjsa,IdeState,Inactive,,,,,-1,-1,
2024-09-12T15:00:04.726+09:00,rnjsa,IdeState,Inactive,,,,,-1,-1,
2024-09-12T15:00:05.731+09:00,rnjsa,IdeState,Inactive,,,,,-1,-1,
2024-09-12T15:00:06.736+09:00,rnjsa,IdeState,Inactive,,,,,-1,-1,
2024-09-12T15:00:07.748+09:00,rnjsa,IdeState,Inactive,,,,,-1,-1,
2024-09-12T15:00:08.760+09:00,rnjsa,IdeState,Inactive,,,,,-1,-1,
2024-09-12T15:00:09.776+09:00,rnjsa,IdeState,Inactive,,,,,-1,-1,
2024-09-12T15:00:10.780+09:00,rnjsa,IdeState,Inactive,,,,,-1,-1,
2024-09-12T15:00:11.782+09:00,rnjsa,IdeState,Inactive,,,,,-1,-1,
2024-09-12T15:00:12.789+09:00,rnjsa,IdeState,Inactive,,,,,-1,-1,
2024-09-12T15:00:13.797+09:00,rnjsa,IdeState,Inactive,,,,,-1,-1,
2024-09-12T15:00:14.813+09:00,rnjsa,IdeState,Inactive,,,,,-1,-1,
2024-09-12T15:00:15.818+09:00,rnjsa,IdeState,Inactive,,,,,-1,-1,
2024-09-12T15:00:16.819+09:00,rnjsa,IdeState,Inactive,,,,,-1,-1,
2024-09-12T15:00:17.824+09:00,rnjsa,IdeState,Inactive,,,,,-1,-1,
2024-09-12T15:00:18.829+09:00,rnjsa,IdeState,Inactive,,,,,-1,-1,
2024-09-12T15:00:19.833+09:00,rnjsa,IdeState,Inactive,,,,,-1,-1,
2024-09-12T15:00:20.846+09:00,rnjsa,IdeState,Inactive,,,,,-1,-1,
2024-09-12T15:00:21.854+09:00,rnjsa,IdeState,Inactive,,,,,-1,-1,
2024-09-12T15:00:22.872+09:00,rnjsa,IdeState,Inactive,,,,,-1,-1,
2024-09-12T15:00:23.873+09:00,rnjsa,IdeState,Inactive,,,,,-1,-1,
2024-09-12T15:00:24.878+09:00,rnjsa,IdeState,Inactive,,,,,-1,-1,
2024-09-12T15:00:25.889+09:00,rnjsa,IdeState,Inactive,,,,,-1,-1,
2024-09-12T15:00:26.894+09:00,rnjsa,IdeState,Inactive,,,,,-1,-1,
2024-09-12T15:00:27.917+09:00,rnjsa,IdeState,Inactive,,,,,-1,-1,
2024-09-12T15:00:28.927+09:00,rnjsa,IdeState,Inactive,,,,,-1,-1,
2024-09-12T15:00:29.943+09:00,rnjsa,IdeState,Inactive,,,,,-1,-1,
2024-09-12T15:00:30.952+09:00,rnjsa,IdeState,Inactive,,,,,-1,-1,
2024-09-12T15:00:31.964+09:00,rnjsa,IdeState,Inactive,,,,,-1,-1,
2024-09-12T15:00:32.980+09:00,rnjsa,IdeState,Inactive,,,,,-1,-1,
2024-09-12T15:00:33.988+09:00,rnjsa,IdeState,Inactive,,,,,-1,-1,
2024-09-12T15:00:34.997+09:00,rnjsa,IdeState,Inactive,,,,,-1,-1,
2024-09-12T15:00:36.012+09:00,rnjsa,IdeState,Inactive,,,,,-1,-1,
2024-09-12T15:00:37.029+09:00,rnjsa,IdeState,Inactive,,,,,-1,-1,
2024-09-12T15:00:38.045+09:00,rnjsa,IdeState,Inactive,,,,,-1,-1,
2024-09-12T15:00:39.046+09:00,rnjsa,IdeState,Inactive,,,,,-1,-1,
2024-09-12T15:00:40.060+09:00,rnjsa,IdeState,Inactive,,,,,-1,-1,
2024-09-12T15:00:41.070+09:00,rnjsa,IdeState,Inactive,,,,,-1,-1,
2024-09-12T15:00:42.081+09:00,rnjsa,IdeState,Inactive,,,,,-1,-1,
2024-09-12T15:00:43.083+09:00,rnjsa,IdeState,Inactive,,,,,-1,-1,
2024-09-12T15:00:44.091+09:00,rnjsa,IdeState,Inactive,,,,,-1,-1,
2024-09-12T15:00:45.106+09:00,rnjsa,IdeState,Inactive,,,,,-1,-1,
2024-09-12T15:00:46.113+09:00,rnjsa,IdeState,Inactive,,,,,-1,-1,
2024-09-12T15:00:47.124+09:00,rnjsa,IdeState,Inactive,,,,,-1,-1,
2024-09-12T15:00:48.131+09:00,rnjsa,IdeState,Inactive,,,,,-1,-1,
2024-09-12T15:00:49.133+09:00,rnjsa,IdeState,Inactive,,,,,-1,-1,
2024-09-12T15:00:50.137+09:00,rnjsa,IdeState,Inactive,,,,,-1,-1,
2024-09-12T15:00:51.146+09:00,rnjsa,IdeState,Inactive,,,,,-1,-1,
2024-09-12T15:00:52.158+09:00,rnjsa,IdeState,Inactive,,,,,-1,-1,
2024-09-12T15:00:53.163+09:00,rnjsa,IdeState,Inactive,,,,,-1,-1,
2024-09-12T15:00:54.178+09:00,rnjsa,IdeState,Inactive,,,,,-1,-1,
2024-09-12T15:00:55.193+09:00,rnjsa,IdeState,Inactive,,,,,-1,-1,
2024-09-12T15:00:56.211+09:00,rnjsa,IdeState,Inactive,,,,,-1,-1,
2024-09-12T15:00:57.216+09:00,rnjsa,IdeState,Inactive,,,,,-1,-1,
2024-09-12T15:00:58.234+09:00,rnjsa,IdeState,Inactive,,,,,-1,-1,
2024-09-12T15:00:59.246+09:00,rnjsa,IdeState,Inactive,,,,,-1,-1,
2024-09-12T15:01:00.250+09:00,rnjsa,IdeState,Inactive,,,,,-1,-1,
2024-09-12T15:01:01.259+09:00,rnjsa,IdeState,Inactive,,,,,-1,-1,
2024-09-12T15:01:02.277+09:00,rnjsa,IdeState,Inactive,,,,,-1,-1,
2024-09-12T15:01:03.280+09:00,rnjsa,IdeState,Inactive,,,,,-1,-1,
2024-09-12T15:01:04.345+09:00,rnjsa,IdeState,Inactive,,,,,-1,-1,
2024-09-12T15:01:05.355+09:00,rnjsa,IdeState,Inactive,,,,,-1,-1,
2024-09-12T15:01:06.362+09:00,rnjsa,IdeState,Inactive,,,,,-1,-1,
2024-09-12T15:01:07.378+09:00,rnjsa,IdeState,Inactive,,,,,-1,-1,
2024-09-12T15:01:08.394+09:00,rnjsa,IdeState,Inactive,,,,,-1,-1,
2024-09-12T15:01:09.403+09:00,rnjsa,IdeState,Inactive,,,,,-1,-1,
2024-09-12T15:01:10.411+09:00,rnjsa,IdeState,Inactive,,,,,-1,-1,
2024-09-12T15:01:11.424+09:00,rnjsa,IdeState,Inactive,,,,,-1,-1,
2024-09-12T15:01:12.430+09:00,rnjsa,IdeState,Inactive,,,,,-1,-1,
2024-09-12T15:01:13.443+09:00,rnjsa,IdeState,Inactive,,,,,-1,-1,
2024-09-12T15:01:14.444+09:00,rnjsa,IdeState,Inactive,,,,,-1,-1,
2024-09-12T15:01:15.446+09:00,rnjsa,IdeState,Inactive,,,,,-1,-1,
2024-09-12T15:01:16.462+09:00,rnjsa,IdeState,Inactive,,,,,-1,-1,
2024-09-12T15:01:17.468+09:00,rnjsa,IdeState,Inactive,,,,,-1,-1,
2024-09-12T15:01:18.482+09:00,rnjsa,IdeState,Inactive,,,,,-1,-1,
2024-09-12T15:01:19.501+09:00,rnjsa,IdeState,Inactive,,,,,-1,-1,
2024-09-12T15:01:20.506+09:00,rnjsa,IdeState,Inactive,,,,,-1,-1,
2024-09-12T15:01:21.508+09:00,rnjsa,IdeState,Inactive,,,,,-1,-1,
2024-09-12T15:01:22.512+09:00,rnjsa,IdeState,Inactive,,,,,-1,-1,
2024-09-12T15:01:23.512+09:00,rnjsa,IdeState,Inactive,,,,,-1,-1,
2024-09-12T15:01:24.515+09:00,rnjsa,IdeState,Inactive,,,,,-1,-1,
2024-09-12T15:01:25.517+09:00,rnjsa,IdeState,Inactive,,,,,-1,-1,
2024-09-12T15:01:26.527+09:00,rnjsa,IdeState,Inactive,,,,,-1,-1,
2024-09-12T15:01:27.536+09:00,rnjsa,IdeState,Inactive,,,,,-1,-1,
2024-09-12T15:01:28.537+09:00,rnjsa,IdeState,Inactive,,,,,-1,-1,
2024-09-12T15:01:29.542+09:00,rnjsa,IdeState,Inactive,,,,,-1,-1,
2024-09-12T15:01:30.544+09:00,rnjsa,IdeState,Inactive,,,,,-1,-1,
2024-09-12T15:01:31.547+09:00,rnjsa,IdeState,Inactive,,,,,-1,-1,
2024-09-12T15:01:32.551+09:00,rnjsa,IdeState,Inactive,,,,,-1,-1,
2024-09-12T15:01:33.553+09:00,rnjsa,IdeState,Inactive,,,,,-1,-1,
2024-09-12T15:01:34.555+09:00,rnjsa,IdeState,Inactive,,,,,-1,-1,
2024-09-12T15:01:35.556+09:00,rnjsa,IdeState,Inactive,,,,,-1,-1,
2024-09-12T15:01:36.569+09:00,rnjsa,IdeState,Inactive,,,,,-1,-1,
2024-09-12T15:01:37.575+09:00,rnjsa,IdeState,Inactive,,,,,-1,-1,
2024-09-12T15:01:38.598+09:00,rnjsa,IdeState,Inactive,,,,,-1,-1,
2024-09-12T15:01:39.602+09:00,rnjsa,IdeState,Inactive,,,,,-1,-1,
2024-09-12T15:01:40.615+09:00,rnjsa,IdeState,Inactive,,,,,-1,-1,
2024-09-12T15:01:41.617+09:00,rnjsa,IdeState,Inactive,,,,,-1,-1,
2024-09-12T15:01:42.626+09:00,rnjsa,IdeState,Inactive,,,,,-1,-1,
2024-09-12T15:01:43.635+09:00,rnjsa,IdeState,Inactive,,,,,-1,-1,
2024-09-12T15:01:44.648+09:00,rnjsa,IdeState,Inactive,,,,,-1,-1,
2024-09-12T15:01:45.660+09:00,rnjsa,IdeState,Inactive,,,,,-1,-1,
2024-09-12T15:01:46.671+09:00,rnjsa,IdeState,Inactive,,,,,-1,-1,
2024-09-12T15:01:47.685+09:00,rnjsa,IdeState,Inactive,,,,,-1,-1,
2024-09-12T15:01:48.691+09:00,rnjsa,IdeState,Inactive,,,,,-1,-1,
2024-09-12T15:01:49.697+09:00,rnjsa,IdeState,Inactive,,,,,-1,-1,
2024-09-12T15:01:50.698+09:00,rnjsa,IdeState,Inactive,,,,,-1,-1,
2024-09-12T15:01:51.700+09:00,rnjsa,IdeState,Inactive,,,,,-1,-1,
2024-09-12T15:01:52.704+09:00,rnjsa,IdeState,Inactive,,,,,-1,-1,
2024-09-12T15:01:53.716+09:00,rnjsa,IdeState,Inactive,,,,,-1,-1,
2024-09-12T15:01:54.724+09:00,rnjsa,IdeState,Inactive,,,,,-1,-1,
2024-09-12T15:01:55.733+09:00,rnjsa,IdeState,Inactive,,,,,-1,-1,
2024-09-12T15:01:56.738+09:00,rnjsa,IdeState,Inactive,,,,,-1,-1,
2024-09-12T15:01:57.748+09:00,rnjsa,IdeState,Inactive,,,,,-1,-1,
2024-09-12T15:01:58.757+09:00,rnjsa,IdeState,Inactive,,,,,-1,-1,
2024-09-12T15:01:59.759+09:00,rnjsa,IdeState,Inactive,,,,,-1,-1,
2024-09-12T15:02:00.765+09:00,rnjsa,IdeState,Inactive,,,,,-1,-1,
2024-09-12T15:02:01.775+09:00,rnjsa,IdeState,Inactive,,,,,-1,-1,
2024-09-12T15:02:02.796+09:00,rnjsa,IdeState,Active,HelloWorld,Editor,C:/Users/rnjsa/OneDrive/Desktop/2024/semester 2/PlatformBasedProgramming/HelloWorld/src/HelloWorld.java,,8,4,변경
2024-09-12T15:02:03.811+09:00,rnjsa,IdeState,Active,HelloWorld,Editor,C:/Users/rnjsa/OneDrive/Desktop/2024/semester 2/PlatformBasedProgramming/HelloWorld/src/HelloWorld.java,,8,4,변경
2024-09-12T15:02:04.819+09:00,rnjsa,IdeState,Active,HelloWorld,Editor,C:/Users/rnjsa/OneDrive/Desktop/2024/semester 2/PlatformBasedProgramming/HelloWorld/src/HelloWorld.java,,8,4,변경
2024-09-12T15:02:05.833+09:00,rnjsa,IdeState,Active,HelloWorld,Editor,C:/Users/rnjsa/OneDrive/Desktop/2024/semester 2/PlatformBasedProgramming/HelloWorld/src/HelloWorld.java,,8,4,변경
2024-09-12T15:02:06.853+09:00,rnjsa,IdeState,Active,HelloWorld,Editor,C:/Users/rnjsa/OneDrive/Desktop/2024/semester 2/PlatformBasedProgramming/HelloWorld/src/HelloWorld.java,,8,4,변경
2024-09-12T15:02:07.860+09:00,rnjsa,IdeState,Active,HelloWorld,Editor,C:/Users/rnjsa/OneDrive/Desktop/2024/semester 2/PlatformBasedProgramming/HelloWorld/src/HelloWorld.java,,8,4,변경
2024-09-12T15:02:08.872+09:00,rnjsa,IdeState,Active,HelloWorld,Editor,C:/Users/rnjsa/OneDrive/Desktop/2024/semester 2/PlatformBasedProgramming/HelloWorld/src/HelloWorld.java,,8,4,변경
2024-09-12T15:02:09.874+09:00,rnjsa,IdeState,Active,HelloWorld,Popup,C:/Users/rnjsa/OneDrive/Desktop/2024/semester 2/PlatformBasedProgramming/HelloWorld/src/HelloWorld.java,,8,4,변경
2024-09-12T15:02:10.892+09:00,rnjsa,IdeState,Active,HelloWorld,Popup,C:/Users/rnjsa/OneDrive/Desktop/2024/semester 2/PlatformBasedProgramming/HelloWorld/src/HelloWorld.java,,8,4,변경
2024-09-12T15:02:12.119+09:00,rnjsa,IdeState,Active,HelloWorld,Dialog,C:/Users/rnjsa/OneDrive/Desktop/2024/semester 2/PlatformBasedProgramming/HelloWorld/src/HelloWorld.java,,8,4,변경
2024-09-12T15:02:13.137+09:00,rnjsa,IdeState,Active,HelloWorld,Dialog,C:/Users/rnjsa/OneDrive/Desktop/2024/semester 2/PlatformBasedProgramming/HelloWorld/src/HelloWorld.java,,8,4,변경
2024-09-12T15:02:14.142+09:00,rnjsa,IdeState,Active,HelloWorld,Dialog,C:/Users/rnjsa/OneDrive/Desktop/2024/semester 2/PlatformBasedProgramming/HelloWorld/src/HelloWorld.java,,8,4,변경
2024-09-12T15:02:15.159+09:00,rnjsa,IdeState,Active,HelloWorld,Dialog,C:/Users/rnjsa/OneDrive/Desktop/2024/semester 2/PlatformBasedProgramming/HelloWorld/src/HelloWorld.java,,8,4,변경
2024-09-12T15:02:16.161+09:00,rnjsa,IdeState,Active,HelloWorld,Dialog,C:/Users/rnjsa/OneDrive/Desktop/2024/semester 2/PlatformBasedProgramming/HelloWorld/src/HelloWorld.java,,8,4,변경
2024-09-12T15:02:17.163+09:00,rnjsa,IdeState,Active,HelloWorld,Dialog,C:/Users/rnjsa/OneDrive/Desktop/2024/semester 2/PlatformBasedProgramming/HelloWorld/src/HelloWorld.java,,8,4,변경
2024-09-12T15:02:18.165+09:00,rnjsa,IdeState,Active,HelloWorld,Dialog,C:/Users/rnjsa/OneDrive/Desktop/2024/semester 2/PlatformBasedProgramming/HelloWorld/src/HelloWorld.java,,8,4,변경
2024-09-12T15:02:19.167+09:00,rnjsa,IdeState,Active,HelloWorld,Dialog,C:/Users/rnjsa/OneDrive/Desktop/2024/semester 2/PlatformBasedProgramming/HelloWorld/src/HelloWorld.java,,8,4,변경
2024-09-12T15:02:20.169+09:00,rnjsa,IdeState,Active,HelloWorld,Dialog,C:/Users/rnjsa/OneDrive/Desktop/2024/semester 2/PlatformBasedProgramming/HelloWorld/src/HelloWorld.java,,8,4,변경
2024-09-12T15:02:21.186+09:00,rnjsa,IdeState,Active,HelloWorld,Dialog,C:/Users/rnjsa/OneDrive/Desktop/2024/semester 2/PlatformBasedProgramming/HelloWorld/src/HelloWorld.java,,8,4,변경
2024-09-12T15:02:22.188+09:00,rnjsa,IdeState,Active,HelloWorld,Dialog,C:/Users/rnjsa/OneDrive/Desktop/2024/semester 2/PlatformBasedProgramming/HelloWorld/src/HelloWorld.java,,8,4,변경
2024-09-12T15:02:23.190+09:00,rnjsa,IdeState,Active,HelloWorld,Dialog,C:/Users/rnjsa/OneDrive/Desktop/2024/semester 2/PlatformBasedProgramming/HelloWorld/src/HelloWorld.java,,8,4,변경
2024-09-12T15:02:24.195+09:00,rnjsa,IdeState,Active,HelloWorld,Editor,C:/Users/rnjsa/OneDrive/Desktop/2024/semester 2/PlatformBasedProgramming/HelloWorld/src/HelloWorld.java,,8,4,변경
2024-09-12T15:02:25.209+09:00,rnjsa,IdeState,Active,HelloWorld,Popup,C:/Users/rnjsa/OneDrive/Desktop/2024/semester 2/PlatformBasedProgramming/HelloWorld/src/HelloWorld.java,,8,4,변경
2024-09-12T15:02:26.211+09:00,rnjsa,IdeState,Active,HelloWorld,Popup,C:/Users/rnjsa/OneDrive/Desktop/2024/semester 2/PlatformBasedProgramming/HelloWorld/src/HelloWorld.java,,8,4,변경
2024-09-12T15:02:27.227+09:00,rnjsa,IdeState,Active,HelloWorld,Popup,C:/Users/rnjsa/OneDrive/Desktop/2024/semester 2/PlatformBasedProgramming/HelloWorld/src/HelloWorld.java,,8,4,변경
2024-09-12T15:02:28.229+09:00,rnjsa,IdeState,Active,HelloWorld,Popup,C:/Users/rnjsa/OneDrive/Desktop/2024/semester 2/PlatformBasedProgramming/HelloWorld/src/HelloWorld.java,,8,4,변경
2024-09-12T15:02:29.247+09:00,rnjsa,IdeState,Active,HelloWorld,Popup,C:/Users/rnjsa/OneDrive/Desktop/2024/semester 2/PlatformBasedProgramming/HelloWorld/src/HelloWorld.java,,8,4,변경
2024-09-12T15:02:30.249+09:00,rnjsa,IdeState,Active,HelloWorld,Editor,C:/Users/rnjsa/OneDrive/Desktop/2024/semester 2/PlatformBasedProgramming/HelloWorld/src/HelloWorld.java,,8,4,변경
2024-09-12T15:02:31.267+09:00,rnjsa,IdeState,Active,HelloWorld,Editor,C:/Users/rnjsa/OneDrive/Desktop/2024/semester 2/PlatformBasedProgramming/HelloWorld/src/HelloWorld.java,,8,4,변경
2024-09-12T15:02:32.275+09:00,rnjsa,IdeState,Active,HelloWorld,Editor,C:/Users/rnjsa/OneDrive/Desktop/2024/semester 2/PlatformBasedProgramming/HelloWorld/src/HelloWorld.java,,8,4,변경
2024-09-12T15:02:33.292+09:00,rnjsa,IdeState,Active,HelloWorld,Popup,C:/Users/rnjsa/OneDrive/Desktop/2024/semester 2/PlatformBasedProgramming/HelloWorld/src/HelloWorld.java,,8,4,변경
2024-09-12T15:02:34.311+09:00,rnjsa,IdeState,Active,HelloWorld,Popup,C:/Users/rnjsa/OneDrive/Desktop/2024/semester 2/PlatformBasedProgramming/HelloWorld/src/HelloWorld.java,,8,4,변경
2024-09-12T15:02:35.342+09:00,rnjsa,IdeState,Active,HelloWorld,Popup,C:/Users/rnjsa/OneDrive/Desktop/2024/semester 2/PlatformBasedProgramming/HelloWorld/src/HelloWorld.java,,8,4,변경
2024-09-12T15:02:36.350+09:00,rnjsa,IdeState,Active,HelloWorld,Editor,C:/Users/rnjsa/OneDrive/Desktop/2024/semester 2/PlatformBasedProgramming/HelloWorld/src/HelloWorld.java,,8,4,변경
2024-09-12T15:02:37.428+09:00,rnjsa,IdeState,Active,HelloWorld,Popup,C:/Users/rnjsa/OneDrive/Desktop/2024/semester 2/PlatformBasedProgramming/HelloWorld/src/HelloWorld.java,,8,4,변경
2024-09-12T15:02:38.456+09:00,rnjsa,IdeState,Active,HelloWorld,Popup,C:/Users/rnjsa/OneDrive/Desktop/2024/semester 2/PlatformBasedProgramming/HelloWorld/src/HelloWorld.java,,8,4,변경
2024-09-12T15:02:39.459+09:00,rnjsa,IdeState,Active,HelloWorld,Popup,C:/Users/rnjsa/OneDrive/Desktop/2024/semester 2/PlatformBasedProgramming/HelloWorld/src/HelloWorld.java,,8,4,변경
2024-09-12T15:02:40.462+09:00,rnjsa,IdeState,Active,HelloWorld,Editor,C:/Users/rnjsa/OneDrive/Desktop/2024/semester 2/PlatformBasedProgramming/HelloWorld/src/HelloWorld.java,,8,4,변경
2024-09-12T15:02:41.463+09:00,rnjsa,IdeState,Inactive,,,,,-1,-1,
2024-09-12T15:02:42.464+09:00,rnjsa,IdeState,Inactive,,,,,-1,-1,
2024-09-12T15:02:43.466+09:00,rnjsa,IdeState,Inactive,,,,,-1,-1,
2024-09-12T15:02:44.467+09:00,rnjsa,IdeState,Inactive,,,,,-1,-1,
2024-09-12T15:02:45.476+09:00,rnjsa,IdeState,Inactive,,,,,-1,-1,
2024-09-12T15:02:46.482+09:00,rnjsa,IdeState,Inactive,,,,,-1,-1,
2024-09-12T15:02:47.495+09:00,rnjsa,IdeState,Inactive,,,,,-1,-1,
2024-09-12T15:02:48.512+09:00,rnjsa,IdeState,Inactive,,,,,-1,-1,
2024-09-12T15:02:49.515+09:00,rnjsa,IdeState,Inactive,,,,,-1,-1,
2024-09-12T15:02:50.520+09:00,rnjsa,IdeState,Inactive,,,,,-1,-1,
2024-09-12T15:02:51.535+09:00,rnjsa,IdeState,Inactive,,,,,-1,-1,
2024-09-12T15:02:52.545+09:00,rnjsa,IdeState,Inactive,,,,,-1,-1,
2024-09-12T15:02:53.561+09:00,rnjsa,IdeState,Inactive,,,,,-1,-1,
2024-09-12T15:02:54.578+09:00,rnjsa,IdeState,Inactive,,,,,-1,-1,
2024-09-12T15:02:55.598+09:00,rnjsa,IdeState,Inactive,,,,,-1,-1,
2024-09-12T15:02:56.602+09:00,rnjsa,IdeState,Inactive,,,,,-1,-1,
2024-09-12T15:02:57.607+09:00,rnjsa,IdeState,Inactive,,,,,-1,-1,
2024-09-12T15:02:58.624+09:00,rnjsa,IdeState,Inactive,,,,,-1,-1,
2024-09-12T15:02:59.641+09:00,rnjsa,IdeState,Inactive,,,,,-1,-1,
2024-09-12T15:03:00.651+09:00,rnjsa,IdeState,Inactive,,,,,-1,-1,
2024-09-12T15:03:01.663+09:00,rnjsa,IdeState,Inactive,,,,,-1,-1,
2024-09-12T15:03:02.665+09:00,rnjsa,IdeState,Inactive,,,,,-1,-1,
2024-09-12T15:03:03.678+09:00,rnjsa,IdeState,Inactive,,,,,-1,-1,
2024-09-12T15:03:04.692+09:00,rnjsa,IdeState,Inactive,,,,,-1,-1,
2024-09-12T15:03:05.708+09:00,rnjsa,IdeState,Inactive,,,,,-1,-1,
2024-09-12T15:03:06.725+09:00,rnjsa,IdeState,Inactive,,,,,-1,-1,
2024-09-12T15:03:07.741+09:00,rnjsa,IdeState,Inactive,,,,,-1,-1,
2024-09-12T15:03:08.742+09:00,rnjsa,IdeState,Active,HelloWorld,Editor,C:/Users/rnjsa/OneDrive/Desktop/2024/semester 2/PlatformBasedProgramming/HelloWorld/src/HelloWorld.java,,8,4,변경
2024-09-12T15:03:09.747+09:00,rnjsa,IdeState,Inactive,,,,,-1,-1,
2024-09-12T15:03:10.757+09:00,rnjsa,IdeState,Inactive,,,,,-1,-1,
2024-09-12T15:03:11.772+09:00,rnjsa,IdeState,Inactive,,,,,-1,-1,
2024-09-12T15:03:12.799+09:00,rnjsa,IdeState,Inactive,,,,,-1,-1,
2024-09-12T15:03:13.812+09:00,rnjsa,IdeState,Inactive,,,,,-1,-1,
2024-09-12T15:03:14.821+09:00,rnjsa,IdeState,Inactive,,,,,-1,-1,
2024-09-12T15:03:15.828+09:00,rnjsa,IdeState,Active,HelloWorld,Editor,C:/Users/rnjsa/OneDrive/Desktop/2024/semester 2/PlatformBasedProgramming/HelloWorld/src/HelloWorld.java,,8,4,변경
2024-09-12T15:03:16.831+09:00,rnjsa,IdeState,Inactive,,,,,-1,-1,
2024-09-12T15:03:17.833+09:00,rnjsa,IdeState,Active,HelloWorld,Editor,C:/Users/rnjsa/OneDrive/Desktop/2024/semester 2/PlatformBasedProgramming/HelloWorld/src/HelloWorld.java,,8,4,변경
2024-09-12T15:03:18.841+09:00,rnjsa,IdeState,Active,HelloWorld,Editor,C:/Users/rnjsa/OneDrive/Desktop/2024/semester 2/PlatformBasedProgramming/HelloWorld/src/HelloWorld.java,,8,4,변경
2024-09-12T15:03:19.851+09:00,rnjsa,IdeState,Active,HelloWorld,Editor,C:/Users/rnjsa/OneDrive/Desktop/2024/semester 2/PlatformBasedProgramming/HelloWorld/src/HelloWorld.java,,8,4,변경
2024-09-12T15:03:20.856+09:00,rnjsa,IdeState,Inactive,,,,,-1,-1,
2024-09-12T15:03:21.858+09:00,rnjsa,IdeState,Inactive,,,,,-1,-1,
2024-09-12T15:03:22.875+09:00,rnjsa,IdeState,Inactive,,,,,-1,-1,
2024-09-12T15:03:23.890+09:00,rnjsa,IdeState,Inactive,,,,,-1,-1,
2024-09-12T15:03:24.895+09:00,rnjsa,IdeState,Inactive,,,,,-1,-1,
2024-09-12T15:03:25.897+09:00,rnjsa,IdeState,Inactive,,,,,-1,-1,
2024-09-12T15:03:26.899+09:00,rnjsa,IdeState,Inactive,,,,,-1,-1,
2024-09-12T15:03:27.901+09:00,rnjsa,IdeState,Inactive,,,,,-1,-1,
2024-09-12T15:03:28.902+09:00,rnjsa,IdeState,Inactive,,,,,-1,-1,
2024-09-12T15:03:29.909+09:00,rnjsa,IdeState,Inactive,,,,,-1,-1,
2024-09-12T15:03:30.926+09:00,rnjsa,IdeState,Inactive,,,,,-1,-1,
2024-09-12T15:03:31.927+09:00,rnjsa,IdeState,Inactive,,,,,-1,-1,
2024-09-12T15:03:32.931+09:00,rnjsa,IdeState,Inactive,,,,,-1,-1,
2024-09-12T15:03:33.945+09:00,rnjsa,IdeState,Inactive,,,,,-1,-1,
2024-09-12T15:03:34.951+09:00,rnjsa,IdeState,Inactive,,,,,-1,-1,
2024-09-12T15:03:35.969+09:00,rnjsa,IdeState,Inactive,,,,,-1,-1,
2024-09-12T15:03:36.970+09:00,rnjsa,IdeState,Inactive,,,,,-1,-1,
2024-09-12T15:03:37.976+09:00,rnjsa,IdeState,Inactive,,,,,-1,-1,
2024-09-12T15:03:38.978+09:00,rnjsa,IdeState,Inactive,,,,,-1,-1,
2024-09-12T15:03:39.985+09:00,rnjsa,IdeState,Inactive,,,,,-1,-1,
2024-09-12T15:03:40.998+09:00,rnjsa,IdeState,Inactive,,,,,-1,-1,
2024-09-12T15:03:42.002+09:00,rnjsa,IdeState,Inactive,,,,,-1,-1,
2024-09-12T15:03:43.002+09:00,rnjsa,IdeState,Inactive,,,,,-1,-1,
2024-09-12T15:03:44.004+09:00,rnjsa,IdeState,Inactive,,,,,-1,-1,
2024-09-12T15:03:45.011+09:00,rnjsa,IdeState,Inactive,,,,,-1,-1,
2024-09-12T15:03:46.015+09:00,rnjsa,IdeState,Active,HelloWorld,Editor,C:/Users/rnjsa/OneDrive/Desktop/2024/semester 2/PlatformBasedProgramming/HelloWorld/src/HelloWorld.java,,8,4,변경
2024-09-12T15:03:47.240+09:00,rnjsa,Action,EditorTab,HelloWorld,Editor,C:/Users/rnjsa/OneDrive/Desktop/2024/semester 2/PlatformBasedProgramming/HelloWorld/src/HelloWorld.java,,8,4,변경
2024-09-12T15:03:47.307+09:00,rnjsa,IdeState,Active,HelloWorld,Editor,C:/Users/rnjsa/OneDrive/Desktop/2024/semester 2/PlatformBasedProgramming/HelloWorld/src/HelloWorld.java,,8,8,변경
2024-09-12T15:03:48.325+09:00,rnjsa,IdeState,Inactive,,,,,-1,-1,
2024-09-12T15:03:49.337+09:00,rnjsa,IdeState,Inactive,,,,,-1,-1,
2024-09-12T15:03:50.344+09:00,rnjsa,IdeState,Inactive,,,,,-1,-1,
2024-09-12T15:03:51.352+09:00,rnjsa,IdeState,Active,HelloWorld,Editor,C:/Users/rnjsa/OneDrive/Desktop/2024/semester 2/PlatformBasedProgramming/HelloWorld/src/HelloWorld.java,,8,8,변경
2024-09-12T15:03:52.367+09:00,rnjsa,IdeState,Active,HelloWorld,Editor,C:/Users/rnjsa/OneDrive/Desktop/2024/semester 2/PlatformBasedProgramming/HelloWorld/src/HelloWorld.java,,8,8,변경
2024-09-12T15:03:53.367+09:00,rnjsa,IdeState,Active,HelloWorld,Popup,C:/Users/rnjsa/OneDrive/Desktop/2024/semester 2/PlatformBasedProgramming/HelloWorld/src/HelloWorld.java,,8,8,변경
2024-09-12T15:03:54.370+09:00,rnjsa,IdeState,Active,HelloWorld,Popup,C:/Users/rnjsa/OneDrive/Desktop/2024/semester 2/PlatformBasedProgramming/HelloWorld/src/HelloWorld.java,,8,8,변경
2024-09-12T15:03:55.371+09:00,rnjsa,IdeState,Active,HelloWorld,Popup,C:/Users/rnjsa/OneDrive/Desktop/2024/semester 2/PlatformBasedProgramming/HelloWorld/src/HelloWorld.java,,8,8,변경
2024-09-12T15:03:56.393+09:00,rnjsa,IdeState,Active,HelloWorld,Popup,C:/Users/rnjsa/OneDrive/Desktop/2024/semester 2/PlatformBasedProgramming/HelloWorld/src/HelloWorld.java,,8,8,변경
2024-09-12T15:03:57.414+09:00,rnjsa,IdeState,Active,HelloWorld,Editor,C:/Users/rnjsa/OneDrive/Desktop/2024/semester 2/PlatformBasedProgramming/HelloWorld/src/HelloWorld.java,,8,8,변경
2024-09-12T15:03:58.428+09:00,rnjsa,IdeState,Inactive,,,,,-1,-1,
2024-09-12T15:03:59.431+09:00,rnjsa,IdeState,Inactive,,,,,-1,-1,
2024-09-12T15:04:00.442+09:00,rnjsa,IdeState,Inactive,,,,,-1,-1,
2024-09-12T15:04:01.448+09:00,rnjsa,IdeState,Inactive,,,,,-1,-1,
2024-09-12T15:04:02.452+09:00,rnjsa,IdeState,Inactive,,,,,-1,-1,
2024-09-12T15:04:03.455+09:00,rnjsa,IdeState,Inactive,,,,,-1,-1,
2024-09-12T15:04:04.457+09:00,rnjsa,IdeState,Inactive,,,,,-1,-1,
2024-09-12T15:04:05.458+09:00,rnjsa,IdeState,Inactive,,,,,-1,-1,
2024-09-12T15:04:06.461+09:00,rnjsa,IdeState,Inactive,,,,,-1,-1,
2024-09-12T15:04:07.469+09:00,rnjsa,IdeState,Inactive,,,,,-1,-1,
2024-09-12T15:04:08.481+09:00,rnjsa,IdeState,Inactive,,,,,-1,-1,
